customer_id,snapshot_date,tenure_months,monthly_charge,usage_previous,support_tickets,failed_payments,contract,payment_method,usage_current,usage_change
C05500,2025-11-01,69,607.65,32.8,0,0,annual,manual,37.41,0.14054878048780486
C05501,2025-11-01,17,843.24,41.67,0,0,monthly,automatic,13.73,-0.6705063594912407
C05502,2025-11-01,3,492.97,20.66,0,0,annual,automatic,7.52,-0.6360116166505324
C05503,2025-11-01,53,687.74,70.27,0,0,annual,manual,21.42,-0.695175750675964
C05504,2025-11-01,39,1997.44,57.95,0,0,annual,manual,69.06,0.19171699741156167
C05505,2025-11-01,61,1463.62,89.97,1,1,annual,automatic,134.38,0.4936089807713682
C05506,2025-11-01,8,253.38,27.88,1,0,monthly,automatic,24.92,-0.10616929698708742
C05507,2025-11-01,6,2012.61,21.17,0,0,monthly,automatic,26.46,0.249881908360888
C05508,2025-11-01,41,2290.78,39.07,1,1,monthly,automatic,20.03,-0.487330432556949
C05509,2025-11-01,64,2223.99,18.88,2,0,monthly,automatic,25.5,0.35063559322033905
C05510,2025-11-01,30,2091.94,94.88,0,0,monthly,manual,63.52,-0.33052276559865085
C05511,2025-11-01,58,2481.1,73.16,1,0,monthly,manual,84.4,0.1536358665937672
C05512,2025-11-01,66,1547.72,80.64,2,0,annual,automatic,73.42,-0.08953373015873015
C05513,2025-11-01,63,2412.95,76.06,0,0,annual,automatic,18.92,-0.751249013936366
C05514,2025-11-01,37,2381.34,28.07,1,0,monthly,automatic,17.13,-0.38973993587459926
C05515,2025-11-01,51,919.45,18.36,1,1,monthly,manual,17.99,-0.02015250544662315
C05516,2025-11-01,38,2184.9,45.8,1,0,annual,manual,12.49,-0.727292576419214
C05517,2025-11-01,49,2021.69,83.76,0,0,annual,manual,85.75,0.02375835721107921
C05518,2025-11-01,41,1983.34,36.4,2,0,monthly,automatic,15.44,-0.5758241758241759
C05519,2025-11-01,38,2260.45,5.91,2,1,monthly,automatic,6.56,0.10998307952622664
C05520,2025-11-01,32,1082.64,67.71,2,0,annual,manual,30.05,-0.5561955398020971
C05521,2025-11-01,48,1119.13,24.01,2,0,monthly,automatic,25.81,0.07496876301541013
C05522,2025-11-01,55,1671.12,56.57,0,0,annual,automatic,68.21,0.20576277178716623
C05523,2025-11-01,67,1895.95,6.41,2,0,monthly,automatic,5.52,-0.13884555382215297
C05524,2025-11-01,45,2222.4,53.34,1,0,monthly,manual,47.58,-0.10798650168728918
C05525,2025-11-01,8,2213.44,42.39,1,0,monthly,automatic,61.04,0.4399622552488794
C05526,2025-11-01,43,1858.08,88.64,3,0,annual,manual,57.25,-0.35412906137184114
C05527,2025-11-01,23,2399.85,73.57,1,0,monthly,automatic,53.93,-0.26695663993475593
C05528,2025-11-01,2,609.85,8.42,0,0,annual,manual,9.63,0.14370546318289795
C05529,2025-11-01,6,2384.78,80.0,3,0,monthly,manual,85.42,0.06775000000000002
C05530,2025-11-01,43,346.64,80.17,0,0,annual,manual,66.94,-0.16502432331296002
C05531,2025-11-01,69,1476.93,68.02,1,2,monthly,automatic,33.65,-0.5052925610114672
C05532,2025-11-01,37,406.45,93.28,1,0,monthly,automatic,117.6,0.2607204116638078
C05533,2025-11-01,33,1505.4,81.31,0,0,annual,manual,39.57,-0.5133439921288895
C05534,2025-11-01,7,1096.25,25.8,1,0,monthly,automatic,44.31,0.7174418604651163
C05535,2025-11-01,49,386.7,41.25,1,0,monthly,automatic,20.69,-0.4984242424242424
C05536,2025-11-01,4,1689.67,38.24,0,0,monthly,manual,20.39,-0.4667887029288703
C05537,2025-11-01,61,1880.76,52.97,0,0,annual,manual,55.07,0.03964508212195585
C05538,2025-11-01,59,599.63,95.6,0,1,annual,manual,106.33,0.11223849372384942
C05539,2025-11-01,72,1796.2,63.48,2,0,annual,automatic,36.76,-0.4209199747952111
C05540,2025-11-01,21,610.81,34.73,2,0,monthly,automatic,52.52,0.5122372588540169
C05541,2025-11-01,12,515.01,94.44,2,0,monthly,automatic,97.78,0.03536637018212625
C05542,2025-11-01,22,537.94,71.53,1,0,monthly,manual,59.6,-0.16678316790157974
C05543,2025-11-01,58,,30.28,3,0,annual,manual,31.95,0.055151915455746305
C05544,2025-11-01,16,1990.22,91.12,1,1,monthly,automatic,122.44,0.3437225636523265
C05545,2025-11-01,64,1571.86,37.7,2,1,monthly,automatic,55.92,0.48328912466843493
C05546,2025-11-01,12,2060.51,54.04,1,1,monthly,manual,53.36,-0.012583271650629158
C05547,2025-11-01,4,1559.4,50.53,0,0,monthly,automatic,23.95,-0.526024144072828
C05548,2025-11-01,16,2032.84,92.74,2,0,annual,automatic,44.47,-0.5204873840845374
C05549,2025-11-01,55,2445.0,30.24,0,0,monthly,manual,12.85,-0.5750661375661377
C05550,2025-11-01,44,1098.21,36.66,2,0,monthly,automatic,25.48,-0.30496453900709214
C05551,2025-11-01,26,543.87,67.72,2,0,monthly,,63.2,-0.06674542232722971
C05552,2025-11-01,48,510.41,89.23,3,0,monthly,manual,88.77,-0.005155216855317807
C05553,2025-11-01,47,1573.2,15.91,2,0,monthly,manual,20.91,0.3142677561282212
C05554,2025-11-01,40,1457.34,24.94,0,1,annual,automatic,4.85,-0.8055332798716922
C05555,2025-11-01,38,622.74,95.06,0,1,monthly,manual,87.1,-0.08373658741847262
C05556,2025-11-01,8,2227.84,78.84,3,1,monthly,manual,85.25,0.08130390664637235
C05557,2025-11-01,19,2399.52,37.88,1,0,annual,manual,1.89,-0.9501055966209081
C05558,2025-11-01,38,781.4,38.98,2,1,monthly,automatic,42.05,0.07875833760903028
C05559,2025-11-01,10,674.83,49.61,0,0,monthly,manual,93.04,0.8754283410602702
C05560,2025-11-01,35,691.02,69.01,3,0,annual,manual,82.17,0.19069700043471954
C05561,2025-11-01,9,1090.07,58.3,2,0,monthly,,59.92,0.02778730703259013
C05562,2025-11-01,57,2161.42,78.73,1,0,monthly,manual,64.89,-0.1757906769973327
C05563,2025-11-01,8,1569.71,10.15,2,0,monthly,automatic,10.16,0.0009852216748768262
C05564,2025-11-01,7,354.37,82.81,0,1,monthly,automatic,120.74,0.4580364690254799
C05565,2025-11-01,46,1286.85,10.51,0,0,monthly,automatic,8.39,-0.20171265461465265
C05566,2025-11-01,16,406.76,88.69,0,1,annual,automatic,118.65,0.3378058405682716
C05567,2025-11-01,26,1133.29,9.11,2,0,monthly,automatic,9.86,0.08232711306256861
C05568,2025-11-01,23,1127.1,17.14,0,0,annual,automatic,25.53,0.4894982497082847
C05569,2025-11-01,16,1690.21,22.12,0,1,annual,automatic,28.78,0.3010849909584087
C05570,2025-11-01,55,1462.74,26.19,1,0,monthly,automatic,25.83,-0.013745704467354064
C05571,2025-11-01,50,2210.94,43.17,0,1,monthly,automatic,41.61,-0.036136205698401716
C05572,2025-11-01,18,236.43,67.27,3,0,monthly,manual,54.51,-0.18968336554184628
C05573,2025-11-01,50,1979.2,89.8,0,0,annual,automatic,113.32,0.2619153674832962
C05574,2025-11-01,52,251.11,54.83,3,0,monthly,manual,39.12,-0.28652197701987964
C05575,2025-11-01,39,898.87,55.59,0,0,annual,manual,53.36,-0.040115128620255514
C05576,2025-11-01,42,2222.23,35.33,1,0,annual,manual,30.11,-0.14774978771582223
C05577,2025-11-01,68,1786.95,81.06,0,0,monthly,manual,36.52,-0.5494695287441401
C05578,2025-11-01,33,594.59,15.5,1,0,annual,manual,15.46,-0.0025806451612902675
C05579,2025-11-01,28,1327.8,33.6,0,0,monthly,automatic,12.97,-0.6139880952380953
C05580,2025-11-01,39,1859.38,14.21,0,2,monthly,automatic,10.84,-0.2371569317382126
C05581,2025-11-01,61,2354.89,25.35,0,1,monthly,automatic,29.24,0.15345167652859948
C05582,2025-11-01,52,1657.94,60.73,2,0,annual,manual,59.46,-0.02091223448048734
C05583,2025-11-01,6,255.75,16.97,0,0,monthly,manual,16.52,-0.026517383618149634
C05584,2025-11-01,34,1348.31,14.56,1,0,monthly,manual,8.99,-0.3825549450549451
C05585,2025-11-01,54,550.81,83.46,1,0,annual,,107.42,0.2870836328780255
C05586,2025-11-01,17,308.89,16.24,1,0,monthly,automatic,9.9,-0.3903940886699507
C05587,2025-11-01,72,1575.57,62.77,2,1,monthly,automatic,73.27,0.16727736179703667
C05588,2025-11-01,59,1985.92,38.44,1,0,monthly,automatic,52.84,0.37460978147762763
C05589,2025-11-01,61,281.94,90.15,2,0,monthly,automatic,34.65,-0.6156405990016639
C05590,2025-11-01,6,2001.26,72.22,1,0,monthly,manual,56.17,-0.22223760731099415
C05591,2025-11-01,42,1823.69,10.65,2,1,annual,manual,7.94,-0.2544600938967136
C05592,2025-11-01,39,1928.57,90.07,2,0,monthly,automatic,91.47,0.015543466192961094
C05593,2025-11-01,46,761.88,44.32,1,0,monthly,automatic,26.14,-0.4101985559566787
C05594,2025-11-01,62,1104.27,33.33,1,0,annual,manual,17.07,-0.4878487848784878
C05595,2025-11-01,26,474.43,68.91,2,0,monthly,manual,62.1,-0.09882455376578139
C05596,2025-11-01,39,748.45,73.21,1,0,monthly,manual,52.98,-0.2763283704411965
C05597,2025-11-01,49,895.42,33.81,1,0,monthly,automatic,29.38,-0.1310263235729075
C05598,2025-11-01,55,933.7,38.41,1,0,annual,automatic,47.34,0.23249153866180702
C05599,2025-11-01,56,601.59,19.85,0,0,annual,automatic,7.03,-0.6458438287153652
C05600,2025-11-01,25,633.04,61.38,0,1,monthly,automatic,54.03,-0.11974584555229718
C05601,2025-11-01,72,2272.38,95.91,1,0,monthly,automatic,68.4,-0.286831404441664
C05602,2025-11-01,1,2001.96,44.58,1,1,monthly,automatic,41.38,-0.0717810677433826
C05603,2025-11-01,36,991.3,99.64,5,0,monthly,manual,71.2,-0.28542753914090724
C05604,2025-11-01,44,2378.58,21.76,0,1,monthly,automatic,11.03,-0.4931066176470589
C05605,2025-11-01,5,748.52,80.63,0,0,annual,automatic,85.27,0.057546818801934775
C05606,2025-11-01,33,1134.69,93.17,0,0,annual,automatic,176.09,0.8899860470108404
C05607,2025-11-01,43,2070.11,70.37,4,0,monthly,automatic,62.26,-0.11524797498934214
C05608,2025-11-01,44,1217.64,15.39,1,0,monthly,manual,10.25,-0.3339831059129305
C05609,2025-11-01,9,738.64,36.02,2,1,monthly,manual,23.95,-0.3350916157690173
C05610,2025-11-01,20,1046.63,13.14,0,0,monthly,automatic,16.39,0.24733637747336376
C05611,2025-11-01,18,1350.66,62.17,2,0,monthly,automatic,38.11,-0.3870033778349687
C05612,2025-11-01,47,1626.48,99.82,2,0,annual,automatic,137.24,0.3748747745942699
C05613,2025-11-01,24,1131.89,40.6,3,1,annual,manual,14.09,-0.6529556650246305
C05614,2025-11-01,42,1191.0,20.48,0,0,annual,manual,20.22,-0.012695312500000076
C05615,2025-11-01,53,806.07,30.52,2,1,annual,automatic,35.16,0.15203145478374827
C05616,2025-11-01,58,1430.3,59.23,1,0,monthly,manual,70.3,0.18689853114975521
C05617,2025-11-01,14,703.75,59.05,1,1,monthly,automatic,68.63,0.1622353937341236
C05618,2025-11-01,66,2194.31,26.83,0,0,annual,manual,27.18,0.0130450987700336
C05619,2025-11-01,12,1917.94,76.32,0,0,monthly,manual,101.03,0.3237683438155138
C05620,2025-11-01,2,1142.64,13.36,1,0,monthly,automatic,7.66,-0.4266467065868263
C05621,2025-11-01,4,1917.62,64.19,1,1,monthly,manual,44.58,-0.3054992989562237
C05622,2025-11-01,15,215.09,45.44,0,0,annual,automatic,35.39,-0.22117077464788729
C05623,2025-11-01,63,991.33,17.08,0,0,monthly,manual,24.58,0.4391100702576113
C05624,2025-11-01,15,1211.69,65.27,1,0,annual,automatic,70.7,0.08319289106787203
C05625,2025-11-01,50,1279.54,68.94,1,0,monthly,manual,,
C05626,2025-11-01,31,1921.08,46.8,0,0,monthly,automatic,40.12,-0.14273504273504273
C05627,2025-11-01,3,2413.46,80.81,1,0,annual,automatic,97.45,0.205915109516149
C05628,2025-11-01,32,1072.99,53.39,1,0,annual,manual,20.12,-0.6231504026971342
C05629,2025-11-01,3,1005.38,32.15,1,0,monthly,manual,24.98,-0.22301710730948673
C05630,2025-11-01,35,1603.19,95.59,2,0,monthly,automatic,80.67,-0.15608327230881894
C05631,2025-11-01,41,845.88,94.68,1,0,monthly,manual,71.39,-0.24598648077735535
C05632,2025-11-01,38,524.11,14.08,0,0,monthly,manual,11.37,-0.19247159090909097
C05633,2025-11-01,21,2410.54,94.88,0,0,monthly,,105.45,0.11140387858347395
C05634,2025-11-01,56,2060.92,78.67,2,0,annual,automatic,78.94,0.0034320579636455575
C05635,2025-11-01,43,2403.55,15.13,0,0,monthly,manual,20.24,0.33773959021810956
C05636,2025-11-01,19,700.02,54.34,0,0,monthly,automatic,10.31,-0.8102686786897313
C05637,2025-11-01,32,239.96,8.32,1,0,monthly,automatic,11.99,0.4411057692307692
C05638,2025-11-01,8,1204.7,60.94,1,0,monthly,manual,42.21,-0.30735149327207084
C05639,2025-11-01,67,2346.3,93.65,2,0,monthly,automatic,129.29,0.38056593699946595
C05640,2025-11-01,55,517.15,39.98,1,0,monthly,automatic,30.94,-0.22611305652826405
C05641,2025-11-01,21,468.53,53.32,1,0,annual,manual,55.95,0.049324831207802
C05642,2025-11-01,49,,26.62,1,1,annual,automatic,14.46,-0.45679939894815924
C05643,2025-11-01,49,1958.54,56.39,2,2,monthly,automatic,27.88,-0.5055860968256783
C05644,2025-11-01,44,2006.63,81.24,0,0,annual,automatic,91.26,0.12333825701624829
C05645,2025-11-01,4,1798.36,25.45,1,0,monthly,manual,1.27,-0.950098231827112
C05646,2025-11-01,64,321.57,57.58,1,0,monthly,automatic,28.48,-0.5053838138242445
C05647,2025-11-01,69,1862.56,38.69,1,0,annual,automatic,45.98,0.18842078056345307
C05648,2025-11-01,71,1230.85,76.05,2,0,monthly,manual,58.94,-0.2249835634451019
C05649,2025-11-01,71,562.16,71.69,2,1,annual,manual,43.82,-0.3887571488352629
C05650,2025-11-01,67,877.79,71.39,1,0,monthly,manual,103.73,0.453004622496148
C05651,2025-11-01,54,1351.64,40.89,0,0,annual,automatic,64.44,0.5759354365370506
C05652,2025-11-01,5,957.2,61.93,3,0,monthly,manual,56.98,-0.07992895204262881
C05653,2025-11-01,34,2429.42,66.85,0,0,monthly,automatic,91.3,0.3657442034405386
C05654,2025-11-01,18,1290.91,69.68,0,0,monthly,manual,101.1,0.4509184845005738
C05655,2025-11-01,16,1054.95,59.65,0,1,annual,automatic,54.54,-0.08566638725901089
C05656,2025-11-01,60,1747.28,87.35,1,0,monthly,manual,64.7,-0.2593016599885517
C05657,2025-11-01,59,1695.25,28.64,1,0,monthly,manual,27.24,-0.04888268156424588
C05658,2025-11-01,38,204.61,10.3,0,0,annual,automatic,4.23,-0.5893203883495145
C05659,2025-11-01,54,1621.49,96.44,0,0,monthly,automatic,107.9,0.11883036084612203
C05660,2025-11-01,10,759.67,10.77,1,0,monthly,automatic,8.67,-0.1949860724233983
C05661,2025-11-01,16,1062.04,90.78,0,0,monthly,automatic,85.31,-0.060255562899317015
C05662,2025-11-01,62,1823.6,63.17,1,1,annual,automatic,59.05,-0.0652208326737376
C05663,2025-11-01,33,1480.99,92.28,1,1,annual,automatic,57.52,-0.37667967056783697
C05664,2025-11-01,40,1046.91,58.67,0,0,annual,automatic,53.24,-0.09255155957047895
C05665,2025-11-01,34,584.04,83.0,0,1,monthly,automatic,36.87,-0.5557831325301205
C05666,2025-11-01,15,,73.52,0,0,monthly,automatic,55.23,-0.24877584330794342
C05667,2025-11-01,60,933.54,54.89,0,0,monthly,manual,29.11,-0.46966660593915105
C05668,2025-11-01,55,2298.73,39.52,2,0,annual,automatic,24.23,-0.3868927125506073
C05669,2025-11-01,50,1428.0,5.27,1,0,annual,automatic,0.68,-0.8709677419354839
C05670,2025-11-01,26,2190.72,28.84,1,1,annual,automatic,22.2,-0.2302357836338419
C05671,2025-11-01,47,1096.42,95.42,2,0,monthly,automatic,104.0,0.08991825613079017
C05672,2025-11-01,69,2102.11,31.17,1,0,monthly,automatic,30.62,-0.017645171639396877
C05673,2025-11-01,47,329.03,76.43,0,0,annual,automatic,99.31,0.29935889048802816
C05674,2025-11-01,36,884.67,53.31,0,0,monthly,automatic,31.27,-0.4134308760082536
C05675,2025-11-01,20,378.8,34.31,0,1,monthly,automatic,25.82,-0.24744972311279514
C05676,2025-11-01,38,271.8,99.15,0,1,annual,automatic,123.05,0.24104891578416532
C05677,2025-11-01,27,2312.38,9.46,1,0,monthly,manual,8.42,-0.10993657505285422
C05678,2025-11-01,45,1847.8,60.3,0,0,annual,manual,59.38,-0.015257048092868899
C05679,2025-11-01,4,1636.75,48.84,0,0,annual,manual,81.07,0.6599099099099096
C05680,2025-11-01,14,1423.73,12.27,0,1,monthly,automatic,10.2,-0.16870415647921763
C05681,2025-11-01,57,1508.97,25.34,0,0,annual,automatic,19.02,-0.2494080505130229
C05682,2025-11-01,28,1667.99,70.95,0,0,monthly,manual,40.62,-0.4274841437632136
C05683,2025-11-01,32,2100.13,15.29,0,0,monthly,automatic,12.52,-0.18116415958142576
C05684,2025-11-01,40,1571.84,81.1,0,1,annual,automatic,103.61,0.27755856966707776
C05685,2025-11-01,32,1920.74,64.38,0,0,annual,manual,72.15,0.12068965517241396
C05686,2025-11-01,55,845.25,14.58,2,0,monthly,automatic,20.72,0.4211248285322359
C05687,2025-11-01,18,2445.55,32.25,2,0,annual,automatic,33.74,0.04620155038759696
C05688,2025-11-01,55,272.36,18.03,1,0,monthly,manual,2.45,-0.8641153632834165
C05689,2025-11-01,16,1088.13,80.77,1,0,annual,manual,92.09,0.14015104618051266
C05690,2025-11-01,27,2227.71,55.63,1,1,monthly,manual,53.21,-0.04350170771166639
C05691,2025-11-01,43,614.2,5.27,3,0,monthly,manual,4.85,-0.07969639468690701
C05692,2025-11-01,64,524.08,56.58,3,1,monthly,automatic,76.18,0.3464121597737718
C05693,2025-11-01,17,1039.49,50.87,1,0,annual,automatic,41.92,-0.17593866719087864
C05694,2025-11-01,43,1183.85,66.09,3,1,annual,automatic,74.21,0.12286276289907687
C05695,2025-11-01,5,2345.81,8.31,0,0,monthly,automatic,4.51,-0.45728038507821905
C05696,2025-11-01,6,2122.07,8.37,0,0,monthly,manual,3.25,-0.6117084826762246
C05697,2025-11-01,56,1266.41,38.19,0,0,monthly,automatic,27.13,-0.289604608536266
C05698,2025-11-01,52,2436.84,70.41,3,1,monthly,automatic,57.05,-0.18974577474790513
C05699,2025-11-01,28,1676.24,68.32,3,0,monthly,manual,75.96,0.11182669789227168
C05700,2025-11-01,45,2208.42,31.44,1,0,annual,automatic,16.85,-0.46405852417302795
C05701,2025-11-01,28,764.93,25.53,0,0,monthly,automatic,36.95,0.44731688209949083
C05702,2025-11-01,20,1323.62,69.9,2,1,monthly,manual,40.68,-0.4180257510729614
C05703,2025-11-01,32,267.35,7.58,3,0,annual,automatic,6.74,-0.11081794195250658
C05704,2025-11-01,23,219.42,57.89,0,0,monthly,manual,53.49,-0.07600621869062012
C05705,2025-11-01,59,1821.54,45.29,2,0,monthly,automatic,46.41,0.024729520865533174
C05706,2025-11-01,30,471.08,27.71,0,0,annual,automatic,29.87,0.0779501984843017
C05707,2025-11-01,24,1458.96,54.43,0,0,annual,automatic,93.17,0.7117398493477862
C05708,2025-11-01,39,1799.82,25.63,0,1,monthly,automatic,18.17,-0.29106515801794763
C05709,2025-11-01,55,273.14,58.61,1,1,monthly,automatic,60.34,0.029517147244497593
C05710,2025-11-01,20,1231.11,19.15,0,0,annual,manual,17.06,-0.10913838120104438
C05711,2025-11-01,68,1772.55,43.54,2,0,monthly,automatic,55.04,0.26412494258153424
C05712,2025-11-01,34,2245.38,53.49,0,0,monthly,automatic,57.61,0.07702374275565521
C05713,2025-11-01,48,887.23,8.01,2,1,monthly,automatic,7.99,-0.00249687890137323
C05714,2025-11-01,69,2439.7,63.02,0,1,annual,manual,25.03,-0.6028245001586798
C05715,2025-11-01,32,2141.45,76.28,1,0,monthly,automatic,58.08,-0.23859465128474047
C05716,2025-11-01,15,1695.46,95.83,2,1,monthly,automatic,55.41,-0.42178858395074614
C05717,2025-11-01,54,1100.43,24.3,2,0,annual,manual,18.55,-0.2366255144032922
C05718,2025-11-01,1,1834.55,24.83,0,1,monthly,manual,15.67,-0.36890857833266205
C05719,2025-11-01,33,2076.24,33.96,2,1,monthly,automatic,25.08,-0.2614840989399294
C05720,2025-11-01,71,896.59,89.62,1,0,annual,automatic,69.56,-0.2238339656326713
C05721,2025-11-01,30,2482.51,43.65,1,1,monthly,automatic,34.15,-0.21764032073310424
C05722,2025-11-01,50,2288.82,33.67,0,0,monthly,automatic,27.51,-0.18295218295218293
C05723,2025-11-01,38,1315.65,75.41,2,0,annual,manual,44.88,-0.40485346770985275
C05724,2025-11-01,16,1861.51,8.61,0,1,monthly,automatic,8.03,-0.06736353077816494
C05725,2025-11-01,23,1404.22,57.14,2,0,monthly,automatic,34.53,-0.39569478473923697
C05726,2025-11-01,38,1949.14,47.77,1,0,monthly,automatic,33.94,-0.28951224617961074
C05727,2025-11-01,8,2101.06,64.36,0,0,annual,automatic,58.08,-0.09757613424487262
C05728,2025-11-01,30,252.41,74.45,0,0,monthly,automatic,3.72,-0.9500335795836132
C05729,2025-11-01,30,381.0,35.87,2,0,monthly,automatic,64.28,0.79202676331196
C05730,2025-11-01,61,972.88,65.46,4,1,monthly,manual,72.25,0.10372746715551492
C05731,2025-11-01,9,2309.51,54.81,1,1,monthly,automatic,56.56,0.031928480204342274
C05732,2025-11-01,61,1115.03,17.73,1,1,annual,manual,13.07,-0.2628313592780598
C05733,2025-11-01,30,2240.28,88.76,1,0,monthly,automatic,84.58,-0.047093285263632344
C05734,2025-11-01,47,1262.6,76.69,2,1,monthly,manual,38.08,-0.5034554700743252
C05735,2025-11-01,41,863.36,92.56,2,0,monthly,automatic,101.04,0.09161624891961975
C05736,2025-11-01,22,2270.48,73.44,2,0,annual,automatic,24.28,-0.6693899782135077
C05737,2025-11-01,68,1488.54,28.26,1,0,monthly,automatic,13.45,-0.524062278839349
C05738,2025-11-01,17,1028.11,45.9,0,0,monthly,manual,30.82,-0.3285403050108932
C05739,2025-11-01,3,301.14,41.75,2,0,monthly,automatic,60.47,0.4483832335329341
C05740,2025-11-01,55,454.15,8.4,1,0,annual,manual,4.49,-0.4654761904761905
C05741,2025-11-01,45,519.41,44.0,1,1,monthly,automatic,45.62,0.03681818181818176
C05742,2025-11-01,65,1038.12,37.83,0,0,monthly,manual,7.49,-0.8020089875759978
C05743,2025-11-01,33,1595.87,5.37,3,1,monthly,manual,4.99,-0.07076350093109868
C05744,2025-11-01,2,906.46,85.48,1,0,monthly,automatic,130.55,0.5272578380907815
C05745,2025-11-01,2,349.71,18.67,0,0,monthly,manual,20.45,0.09534011783610055
C05746,2025-11-01,32,808.06,52.59,0,0,monthly,automatic,10.22,-0.8056664765164481
C05747,2025-11-01,18,,79.54,1,1,monthly,automatic,,
C05748,2025-11-01,67,2481.22,62.43,1,0,monthly,automatic,47.3,-0.24235143360563835
C05749,2025-11-01,9,1102.87,21.09,0,0,annual,automatic,28.46,0.34945471787577054
C05750,2025-11-01,64,404.15,63.73,1,1,monthly,manual,56.4,-0.11501647575710025
C05751,2025-11-01,16,1535.56,76.97,1,1,monthly,automatic,32.02,-0.5839937638040794
C05752,2025-11-01,9,2314.17,86.2,0,1,monthly,automatic,75.19,-0.12772621809744786
C05753,2025-11-01,20,2008.4,35.27,0,0,annual,automatic,23.85,-0.3237879217465268
C05754,2025-11-01,11,2122.3,8.22,1,0,annual,manual,1.35,-0.8357664233576643
C05755,2025-11-01,29,2333.93,62.76,2,0,annual,manual,53.91,-0.14101338432122373
C05756,2025-11-01,24,1663.05,26.45,0,0,annual,manual,24.38,-0.0782608695652174
C05757,2025-11-01,39,2487.32,79.19,1,0,monthly,,83.42,0.053415835332744084
C05758,2025-11-01,39,275.55,69.59,2,1,monthly,manual,88.81,0.27618910763040666
C05759,2025-11-01,1,2119.13,78.45,0,1,monthly,manual,64.47,-0.1782026768642448
C05760,2025-11-01,9,2170.12,96.92,2,0,monthly,automatic,38.24,-0.6054477919933966
C05761,2025-11-01,12,2307.41,60.53,1,1,annual,automatic,37.96,-0.37287295555922684
C05762,2025-11-01,15,1298.79,90.91,2,0,monthly,manual,83.04,-0.08656913430865681
C05763,2025-11-01,7,2010.84,65.98,0,0,monthly,automatic,88.76,0.34525613822370416
C05764,2025-11-01,23,647.68,22.27,1,0,monthly,automatic,,
C05765,2025-11-01,40,1586.2,80.93,0,0,annual,manual,70.71,-0.12628197207463254
C05766,2025-11-01,23,1023.88,70.9,0,0,annual,automatic,59.36,-0.1627644569816644
C05767,2025-11-01,24,1570.2,97.9,1,1,annual,manual,89.79,-0.08283963227783452
C05768,2025-11-01,34,1752.79,28.13,0,0,monthly,manual,44.69,0.5886953430501244
C05769,2025-11-01,40,997.26,36.65,2,0,annual,automatic,32.64,-0.10941336971350608
C05770,2025-11-01,24,,83.04,0,0,annual,manual,68.74,-0.17220616570327565
C05771,2025-11-01,16,938.88,10.97,1,0,monthly,automatic,10.24,-0.06654512306289885
C05772,2025-11-01,30,1726.1,65.15,2,0,monthly,manual,44.52,-0.31665387567152725
C05773,2025-11-01,2,1755.81,55.87,1,0,monthly,automatic,20.87,-0.6264542688383749
C05774,2025-11-01,36,1904.03,21.04,0,0,annual,automatic,6.54,-0.6891634980988594
C05775,2025-11-01,68,490.03,20.69,2,1,annual,automatic,13.77,-0.33446109231512816
C05776,2025-11-01,29,2081.59,81.97,0,1,monthly,manual,109.3,0.3334146639014273
C05777,2025-11-01,8,1781.74,6.47,0,0,monthly,manual,8.6,0.32921174652241114
C05778,2025-11-01,51,269.16,75.95,3,1,monthly,automatic,40.21,-0.4705727452271231
C05779,2025-11-01,10,970.88,74.6,1,0,annual,manual,64.5,-0.13538873994638062
C05780,2025-11-01,14,1272.44,66.72,0,0,monthly,manual,64.45,-0.03402278177458028
C05781,2025-11-01,11,1028.42,43.9,0,0,annual,manual,29.25,-0.3337129840546697
C05782,2025-11-01,64,469.06,7.69,1,0,monthly,automatic,10.6,0.37841352405721707
C05783,2025-11-01,71,675.9,81.17,1,2,monthly,manual,96.33,0.18676851053344828
C05784,2025-11-01,42,255.49,16.94,0,1,monthly,manual,17.72,0.04604486422668226
C05785,2025-11-01,45,413.08,31.67,0,1,monthly,manual,29.9,-0.05588885380486274
C05786,2025-11-01,47,811.49,94.94,2,0,monthly,automatic,35.41,-0.627027596376659
C05787,2025-11-01,44,2084.93,33.68,2,0,monthly,manual,46.98,0.3948931116389548
C05788,2025-11-01,40,1410.27,29.24,0,0,monthly,automatic,32.84,0.1231190150478798
C05789,2025-11-01,72,1175.35,97.47,2,0,monthly,automatic,103.63,0.06319893300502716
C05790,2025-11-01,53,1721.97,13.16,1,1,monthly,automatic,8.71,-0.3381458966565349
C05791,2025-11-01,7,1444.47,20.27,3,1,annual,manual,14.03,-0.3078441045880612
C05792,2025-11-01,29,501.48,46.64,1,1,monthly,manual,50.98,0.0930531732418524
C05793,2025-11-01,71,711.03,79.83,1,1,annual,automatic,104.24,0.305774771389202
C05794,2025-11-01,30,710.8,89.01,0,0,monthly,manual,135.62,0.5236490281990788
C05795,2025-11-01,15,1578.89,76.79,3,1,monthly,automatic,50.88,-0.3374137257455398
C05796,2025-11-01,63,1260.74,97.74,0,1,monthly,automatic,84.49,-0.13556374053611622
C05797,2025-11-01,45,1090.45,6.6,1,0,monthly,manual,1.23,-0.8136363636363636
C05798,2025-11-01,41,1479.27,63.85,0,0,annual,automatic,3.74,-0.9414252153484729
C05799,2025-11-01,31,2430.27,16.05,2,0,annual,manual,17.71,0.10342679127725857
C05800,2025-11-01,9,921.64,91.48,2,0,monthly,automatic,56.84,-0.37866200262352423
C05801,2025-11-01,28,1395.45,93.85,0,0,monthly,automatic,21.53,-0.7705913692061801
C05802,2025-11-01,32,1303.85,33.79,1,1,annual,manual,17.33,-0.48712636874815035
C05803,2025-11-01,68,1847.28,83.63,1,1,annual,automatic,86.97,0.03993782135597278
C05804,2025-11-01,23,1878.67,64.88,1,1,monthly,manual,68.41,0.05440813810110976
C05805,2025-11-01,11,1875.86,14.55,1,0,monthly,manual,5.05,-0.6529209621993127
C05806,2025-11-01,31,662.5,62.26,1,0,monthly,automatic,84.22,0.3527144233858015
C05807,2025-11-01,72,1231.91,97.73,2,0,annual,manual,66.11,-0.3235444592243938
C05808,2025-11-01,35,2064.7,34.27,2,0,monthly,automatic,34.83,0.016340822877151887
C05809,2025-11-01,28,1076.52,5.11,1,0,monthly,manual,4.77,-0.06653620352250503
C05810,2025-11-01,49,2462.79,97.8,2,1,annual,automatic,89.58,-0.08404907975460121
C05811,2025-11-01,47,1038.01,44.33,2,1,monthly,automatic,26.25,-0.40785021430182716
C05812,2025-11-01,22,1343.63,45.94,4,1,monthly,automatic,41.87,-0.08859381802350894
C05813,2025-11-01,70,1290.41,72.7,0,0,monthly,manual,73.74,0.014305364511691775
C05814,2025-11-01,43,1196.43,62.42,0,0,annual,automatic,53.07,-0.14979173341877605
C05815,2025-11-01,5,2143.95,33.69,1,0,annual,manual,32.18,-0.04482042149005634
C05816,2025-11-01,30,556.13,14.5,2,0,monthly,automatic,18.93,0.3055172413793103
C05817,2025-11-01,67,1504.63,83.6,1,1,annual,automatic,63.12,-0.2449760765550239
C05818,2025-11-01,29,1621.78,50.92,0,0,monthly,manual,58.49,0.14866457187745483
C05819,2025-11-01,41,2156.81,68.89,1,0,monthly,manual,58.31,-0.15357816809406297
C05820,2025-11-01,45,1600.16,86.75,0,1,monthly,automatic,123.06,0.4185590778097983
C05821,2025-11-01,51,2407.05,6.68,3,0,annual,automatic,2.86,-0.5718562874251497
C05822,2025-11-01,63,2204.99,86.64,0,0,monthly,manual,119.25,0.3763850415512465
C05823,2025-11-01,11,1001.1,76.42,0,1,monthly,,56.09,-0.26602983512169587
C05824,2025-11-01,38,2176.78,94.95,0,0,monthly,manual,157.53,0.6590837282780411
C05825,2025-11-01,39,2403.5,27.19,1,0,annual,manual,29.16,0.07245310776020591
C05826,2025-11-01,11,790.55,35.63,1,0,monthly,automatic,43.38,0.2175133314622509
C05827,2025-11-01,49,1602.48,67.84,1,0,annual,automatic,58.59,-0.1363502358490566
C05828,2025-11-01,9,847.15,92.95,0,0,annual,manual,107.66,0.15825712748789664
C05829,2025-11-01,33,1693.0,99.3,0,0,annual,automatic,115.0,0.15810674723061433
C05830,2025-11-01,24,414.38,44.59,3,0,annual,manual,38.8,-0.12984974209464017
C05831,2025-11-01,12,1887.63,56.23,2,0,monthly,automatic,66.77,0.1874444246843322
C05832,2025-11-01,60,1164.59,21.2,4,0,annual,manual,1.06,-0.9500000000000001
C05833,2025-11-01,18,1549.81,70.93,0,0,monthly,automatic,49.26,-0.30551247709008894
C05834,2025-11-01,19,258.48,84.55,0,0,monthly,manual,78.42,-0.07250147841513892
C05835,2025-11-01,62,1798.52,80.87,0,0,monthly,automatic,88.61,0.09570916285396308
C05836,2025-11-01,64,1339.78,37.86,0,1,monthly,manual,47.71,0.2601690438457475
C05837,2025-11-01,3,1637.08,96.51,0,0,monthly,manual,80.25,-0.16847995026422136
C05838,2025-11-01,21,925.04,16.43,1,0,monthly,,12.87,-0.21667681071211203
C05839,2025-11-01,52,534.39,51.93,2,0,monthly,automatic,63.62,0.22511072597727705
C05840,2025-11-01,57,1200.49,57.69,0,0,monthly,manual,76.33,0.3231062575836367
C05841,2025-11-01,72,2370.15,55.97,1,0,monthly,,65.99,0.17902447739860633
C05842,2025-11-01,40,722.93,77.0,2,0,monthly,manual,66.72,-0.13350649350649352
C05843,2025-11-01,1,1753.43,62.91,2,0,monthly,manual,113.99,0.8119535844857734
C05844,2025-11-01,63,313.64,12.33,1,0,monthly,manual,11.69,-0.05190592051905925
C05845,2025-11-01,12,1850.63,22.09,0,0,annual,automatic,22.0,-0.004074241738343135
C05846,2025-11-01,9,747.41,55.56,0,0,monthly,automatic,82.87,0.4915406767458603
C05847,2025-11-01,49,1237.49,70.98,1,0,annual,automatic,103.26,0.4547759932375317
C05848,2025-11-01,44,,53.85,2,0,monthly,automatic,62.88,0.16768802228412258
C05849,2025-11-01,5,458.53,38.77,1,0,annual,manual,23.43,-0.3956667526437968
C05850,2025-11-01,13,993.84,9.86,1,0,annual,automatic,9.46,-0.04056795131845828
C05851,2025-11-01,43,1004.29,79.66,2,1,monthly,automatic,87.71,0.1010544815465729
C05852,2025-11-01,19,1399.84,52.23,1,0,annual,automatic,83.74,0.6032931265556194
C05853,2025-11-01,50,2435.41,56.18,0,0,monthly,automatic,109.69,0.9524741901032395
C05854,2025-11-01,30,1280.04,49.55,0,0,annual,manual,35.2,-0.28960645812310787
C05855,2025-11-01,43,2302.18,30.21,1,0,monthly,automatic,36.81,0.21847070506454822
C05856,2025-11-01,35,1260.58,31.26,0,0,monthly,automatic,19.84,-0.36532309660908513
C05857,2025-11-01,27,446.35,11.03,2,1,monthly,automatic,9.67,-0.12330009066183133
C05858,2025-11-01,25,728.35,72.22,4,0,monthly,automatic,44.51,-0.38368872888396566
C05859,2025-11-01,51,1136.29,30.83,0,0,annual,manual,,
C05860,2025-11-01,38,947.35,33.36,3,1,annual,manual,33.47,0.0032973621103117336
C05861,2025-11-01,43,2190.41,99.38,1,0,monthly,manual,101.64,0.022740994163815708
C05862,2025-11-01,42,1759.88,41.65,0,0,monthly,manual,39.04,-0.06266506602641055
C05863,2025-11-01,15,1529.11,53.52,1,1,annual,automatic,56.29,0.0517563527653213
C05864,2025-11-01,66,1328.83,41.71,1,0,annual,automatic,44.37,0.06377367537760721
C05865,2025-11-01,41,1112.72,32.57,1,0,annual,automatic,22.15,-0.31992631255756837
C05866,2025-11-01,52,1607.04,5.56,0,1,monthly,manual,1.83,-0.6708633093525179
C05867,2025-11-01,64,485.6,86.21,0,0,monthly,automatic,39.26,-0.5446003943858021
C05868,2025-11-01,67,572.83,49.95,0,1,monthly,automatic,17.79,-0.6438438438438439
C05869,2025-11-01,49,896.17,73.39,0,0,annual,automatic,72.53,-0.011718217740836619
C05870,2025-11-01,57,592.72,96.07,1,0,monthly,manual,60.93,-0.36577495576142394
C05871,2025-11-01,34,1756.33,5.27,1,0,monthly,automatic,6.66,0.26375711574952576
C05872,2025-11-01,54,255.97,69.13,1,1,monthly,automatic,69.42,0.004194994937075167
C05873,2025-11-01,24,567.41,16.27,0,0,monthly,automatic,4.52,-0.7221880762138906
C05874,2025-11-01,52,2275.0,48.51,0,0,monthly,automatic,37.66,-0.2236652236652237
C05875,2025-11-01,7,2493.35,85.44,0,0,annual,manual,15.12,-0.8230337078651685
C05876,2025-11-01,66,1320.46,11.79,2,0,annual,manual,,
C05877,2025-11-01,18,1338.35,99.01,1,0,monthly,manual,74.1,-0.25159074840925166
C05878,2025-11-01,48,1977.82,60.18,0,1,monthly,manual,35.45,-0.41093386507145224
C05879,2025-11-01,1,282.24,42.52,2,0,monthly,automatic,67.17,0.5797271872060206
C05880,2025-11-01,12,1181.15,6.85,2,0,annual,manual,8.1,0.18248175182481752
C05881,2025-11-01,72,428.6,60.75,2,0,annual,manual,48.92,-0.19473251028806582
C05882,2025-11-01,61,1121.13,52.01,1,0,monthly,manual,73.82,0.4193424341472793
C05883,2025-11-01,17,2461.79,25.46,0,0,monthly,automatic,14.74,-0.4210526315789474
C05884,2025-11-01,10,1932.36,51.59,1,0,annual,automatic,41.46,-0.19635588292304715
C05885,2025-11-01,59,2464.61,6.21,0,1,monthly,manual,7.57,0.2190016103059582
C05886,2025-11-01,72,1914.91,99.95,1,0,monthly,manual,52.93,-0.4704352176088044
C05887,2025-11-01,13,1597.65,36.55,3,0,monthly,manual,42.39,0.1597811217510261
C05888,2025-11-01,48,1933.71,50.62,1,0,monthly,automatic,51.76,0.022520742789411314
C05889,2025-11-01,21,1714.91,79.55,1,0,monthly,automatic,89.56,0.12583280955373985
C05890,2025-11-01,54,1266.35,72.71,0,1,monthly,manual,112.63,0.5490303947187458
C05891,2025-11-01,31,871.86,89.41,2,0,annual,automatic,96.51,0.07940946202885593
C05892,2025-11-01,10,1395.41,94.43,1,0,monthly,automatic,91.04,-0.035899608175368
C05893,2025-11-01,24,793.53,22.97,1,1,monthly,manual,9.09,-0.6042664344797561
C05894,2025-11-01,39,1318.36,42.09,2,0,monthly,automatic,41.82,-0.006414825374198221
C05895,2025-11-01,58,535.11,70.25,1,0,monthly,automatic,52.83,-0.24797153024911034
C05896,2025-11-01,2,1499.41,9.28,1,0,monthly,automatic,8.14,-0.12284482758620678
C05897,2025-11-01,69,763.15,73.11,1,0,monthly,automatic,55.15,-0.24565722883326496
C05898,2025-11-01,47,874.3,5.46,5,0,annual,automatic,5.96,0.09157509157509157
C05899,2025-11-01,64,1346.76,91.84,0,0,monthly,manual,52.65,-0.42672038327526135
C05900,2025-11-01,67,572.81,73.23,1,1,monthly,manual,72.81,-0.005735354362966021
C05901,2025-11-01,12,2412.47,58.72,0,0,annual,automatic,32.62,-0.4444822888283379
C05902,2025-11-01,7,1226.97,45.75,1,0,monthly,manual,13.29,-0.7095081967213115
C05903,2025-11-01,56,1009.24,98.86,1,0,monthly,automatic,79.13,-0.19957515678737614
C05904,2025-11-01,14,266.15,74.97,1,0,monthly,automatic,81.14,0.0822995865012672
C05905,2025-11-01,11,2138.49,81.69,0,0,monthly,automatic,52.94,-0.3519402619659689
C05906,2025-11-01,34,1638.42,83.41,1,0,monthly,automatic,80.72,-0.03225032969667903
C05907,2025-11-01,66,1156.73,7.08,0,0,monthly,automatic,5.61,-0.20762711864406777
C05908,2025-11-01,58,763.73,10.2,3,0,monthly,automatic,5.69,-0.44215686274509797
C05909,2025-11-01,38,1912.82,23.84,0,0,monthly,manual,26.58,0.1149328859060402
C05910,2025-11-01,15,2373.59,67.25,3,0,annual,manual,46.54,-0.3079553903345725
C05911,2025-11-01,25,1074.86,64.28,2,0,monthly,automatic,67.57,0.051182327317983695
C05912,2025-11-01,50,509.21,35.89,2,0,monthly,manual,14.68,-0.5909724157146837
C05913,2025-11-01,12,450.15,97.43,1,0,monthly,automatic,94.3,-0.03212562865647141
C05914,2025-11-01,38,213.63,13.85,1,1,monthly,automatic,15.77,0.13862815884476534
C05915,2025-11-01,1,1910.1,78.79,1,1,monthly,automatic,82.19,0.043152684350805826
C05916,2025-11-01,24,2456.21,50.68,0,1,monthly,automatic,62.46,0.23243883188634573
C05917,2025-11-01,18,2482.48,44.79,1,1,monthly,automatic,51.33,0.14601473543201607
C05918,2025-11-01,50,2002.65,7.43,0,1,monthly,automatic,7.61,0.02422611036339174
C05919,2025-11-01,66,572.02,74.14,0,0,annual,automatic,90.16,0.21607769085513887
C05920,2025-11-01,11,2447.73,78.3,0,0,monthly,automatic,61.79,-0.21085568326947635
C05921,2025-11-01,58,952.97,35.3,0,0,monthly,automatic,38.92,0.10254957507082167
C05922,2025-11-01,48,966.33,54.11,0,0,monthly,manual,50.19,-0.07244501940491595
C05923,2025-11-01,70,1779.87,62.61,0,1,monthly,automatic,98.15,0.5676409519246128
C05924,2025-11-01,66,311.81,39.93,1,0,monthly,manual,40.56,0.015777610818933197
C05925,2025-11-01,8,2098.27,63.48,1,0,monthly,automatic,29.84,-0.5299306868304978
C05926,2025-11-01,54,2492.78,46.24,1,0,monthly,manual,46.64,0.008650519031141838
C05927,2025-11-01,43,1981.66,88.42,0,0,annual,manual,51.91,-0.41291562994797565
C05928,2025-11-01,9,1996.86,73.26,1,0,annual,automatic,86.08,0.17499317499317488
C05929,2025-11-01,19,1096.72,15.5,0,0,monthly,manual,18.31,0.1812903225806451
C05930,2025-11-01,67,350.62,80.96,1,0,annual,manual,57.22,-0.29323122529644263
C05931,2025-11-01,40,2022.14,37.06,1,0,monthly,automatic,20.63,-0.4433351322180249
C05932,2025-11-01,25,1572.46,93.88,0,0,annual,automatic,90.73,-0.033553472518108134
C05933,2025-11-01,24,2290.48,62.32,2,0,monthly,automatic,37.62,-0.39634146341463417
C05934,2025-11-01,61,465.71,7.62,0,0,monthly,manual,4.77,-0.3740157480314961
C05935,2025-11-01,21,900.78,74.76,2,1,monthly,automatic,55.54,-0.2570893525949706
C05936,2025-11-01,12,1028.51,17.42,2,0,annual,manual,19.83,0.1383467278989665
C05937,2025-11-01,42,1770.54,88.34,2,0,monthly,automatic,35.39,-0.5993887253792167
C05938,2025-11-01,72,2010.81,95.09,0,1,monthly,automatic,62.37,-0.34409506783047644
C05939,2025-11-01,14,2409.35,71.05,0,1,monthly,automatic,125.02,0.7596059113300493
C05940,2025-11-01,19,878.44,55.62,0,0,monthly,automatic,89.21,0.6039194534340165
C05941,2025-11-01,34,1334.36,62.2,3,0,monthly,manual,83.56,0.34340836012861736
C05942,2025-11-01,15,265.61,45.74,0,1,monthly,automatic,42.78,-0.06471359860078707
C05943,2025-11-01,47,780.87,12.94,0,0,monthly,automatic,15.31,0.18315301391035557
C05944,2025-11-01,19,1059.21,93.24,1,1,monthly,manual,73.23,-0.21460746460746452
C05945,2025-11-01,10,1564.75,36.27,0,0,monthly,manual,1.81,-0.9500964984835952
C05946,2025-11-01,19,1281.94,34.72,2,1,monthly,manual,25.01,-0.27966589861751145
C05947,2025-11-01,68,1037.29,23.18,1,1,monthly,automatic,17.48,-0.24590163934426226
C05948,2025-11-01,68,1634.38,99.28,3,0,monthly,manual,92.32,-0.07010475423045939
C05949,2025-11-01,37,2104.82,94.54,1,1,annual,automatic,102.96,0.08906283054791608
C05950,2025-11-01,29,754.87,38.2,2,0,monthly,automatic,57.22,0.4979057591623035
C05951,2025-11-01,60,987.61,29.7,1,0,annual,manual,27.65,-0.06902356902356904
C05952,2025-11-01,14,1820.32,81.51,1,0,monthly,automatic,46.36,-0.4312354312354313
C05953,2025-11-01,48,1988.26,45.15,1,0,monthly,automatic,38.44,-0.14861572535991144
C05954,2025-11-01,49,2097.41,96.94,3,0,monthly,,111.04,0.14545079430575622
C05955,2025-11-01,52,680.46,90.62,1,0,monthly,automatic,79.81,-0.11928934010152287
C05956,2025-11-01,16,1439.31,77.15,0,0,annual,automatic,49.28,-0.36124432922877514
C05957,2025-11-01,52,2269.03,13.54,1,0,monthly,manual,14.94,0.10339734121122603
C05958,2025-11-01,45,1100.49,71.7,1,0,monthly,automatic,37.29,-0.4799163179916318
C05959,2025-11-01,64,1187.73,98.79,1,1,monthly,automatic,60.51,-0.3874886122077134
C05960,2025-11-01,13,2464.09,40.46,0,0,annual,automatic,43.12,0.06574394463667811
C05961,2025-11-01,45,459.02,88.75,2,1,monthly,automatic,57.26,-0.35481690140845074
C05962,2025-11-01,60,1821.88,43.77,2,0,monthly,automatic,34.87,-0.20333561800319866
C05963,2025-11-01,21,2154.42,97.28,0,0,annual,automatic,90.04,-0.07442434210526311
C05964,2025-11-01,54,545.83,67.09,1,1,monthly,manual,60.74,-0.09464897898345508
C05965,2025-11-01,8,1842.24,14.17,0,0,monthly,manual,8.24,-0.4184897671136203
C05966,2025-11-01,52,1279.4,50.51,0,0,annual,automatic,52.28,0.035042565828548866
C05967,2025-11-01,44,2160.65,9.72,0,1,annual,automatic,5.82,-0.4012345679012346
C05968,2025-11-01,14,2286.14,42.53,3,0,annual,manual,63.7,0.4977662826240301
C05969,2025-11-01,5,2205.72,91.96,2,0,monthly,manual,71.68,-0.22053066550674194
C05970,2025-11-01,54,347.09,27.06,1,0,annual,manual,30.65,0.1326681448632668
C05971,2025-11-01,18,1939.77,95.3,0,0,monthly,manual,112.13,0.17660020986358865
C05972,2025-11-01,36,2318.51,14.49,2,0,annual,automatic,11.53,-0.2042788129744652
C05973,2025-11-01,5,1628.1,68.16,0,1,annual,automatic,39.64,-0.4184272300469483
C05974,2025-11-01,70,1581.01,96.74,1,0,monthly,automatic,113.71,0.17541864792226586
C05975,2025-11-01,40,302.51,67.14,2,0,monthly,automatic,28.34,-0.5778969317843312
C05976,2025-11-01,68,2167.88,90.41,2,0,annual,manual,43.0,-0.5243888950337352
C05977,2025-11-01,12,305.73,99.15,1,0,monthly,automatic,112.28,0.13242561775088244
C05978,2025-11-01,15,920.07,65.98,2,0,annual,manual,56.06,-0.15034859048196425
C05979,2025-11-01,44,2328.49,79.32,2,2,annual,manual,53.35,-0.3274079677256681
C05980,2025-11-01,44,2383.41,8.04,1,0,annual,manual,5.99,-0.2549751243781094
C05981,2025-11-01,57,2480.37,45.59,0,0,monthly,manual,29.25,-0.3584119324413249
C05982,2025-11-01,67,1294.73,32.39,2,0,annual,automatic,54.53,0.6835443037974683
C05983,2025-11-01,60,607.09,83.3,1,1,annual,manual,106.33,0.27647058823529413
C05984,2025-11-01,11,1321.27,69.37,2,0,monthly,manual,43.81,-0.36845898803517374
C05985,2025-11-01,23,434.32,63.37,1,0,monthly,automatic,51.37,-0.18936405239072118
C05986,2025-11-01,66,2205.83,93.5,1,0,annual,automatic,105.55,0.12887700534759355
C05987,2025-11-01,40,1488.24,13.44,0,0,monthly,automatic,7.77,-0.421875
C05988,2025-11-01,63,1129.36,95.61,2,1,monthly,automatic,69.26,-0.27559878673778887
C05989,2025-11-01,41,381.92,14.57,2,0,monthly,manual,11.88,-0.1846259437199725
C05990,2025-11-01,4,1131.05,37.97,0,0,monthly,automatic,23.22,-0.38846457729786676
C05991,2025-11-01,35,2191.24,64.88,1,0,monthly,automatic,84.59,0.3037916152897659
C05992,2025-11-01,60,1816.83,37.44,1,1,monthly,automatic,25.08,-0.3301282051282051
C05993,2025-11-01,48,388.65,69.84,1,0,monthly,manual,61.41,-0.12070446735395199
C05994,2025-11-01,10,566.79,78.66,2,0,annual,automatic,75.58,-0.03915586066615813
C05995,2025-11-01,16,1101.31,83.71,0,1,monthly,automatic,123.48,0.4750925815314779
C05996,2025-11-01,62,432.16,22.04,1,1,monthly,manual,19.61,-0.1102540834845735
C05997,2025-11-01,71,2347.29,22.3,1,0,monthly,automatic,37.19,0.6677130044843048
C05998,2025-11-01,55,1699.27,9.97,1,0,monthly,automatic,7.91,-0.20661985957873624
C05999,2025-11-01,8,417.09,51.63,1,0,monthly,automatic,43.51,-0.15727290335076513
C06000,2025-11-01,45,2011.53,18.07,0,1,annual,manual,22.55,0.24792473713337024
C06001,2025-11-01,60,1046.33,35.27,2,0,annual,automatic,56.15,0.5920045364332291
C06002,2025-11-01,47,762.2,84.84,0,0,monthly,automatic,70.2,-0.17256011315417255
C06003,2025-11-01,43,1509.97,95.12,1,0,monthly,manual,128.66,0.3526072329688813
C06004,2025-11-01,34,229.76,83.1,1,1,annual,automatic,101.1,0.21660649819494587
C06005,2025-11-01,18,1269.41,5.06,1,0,annual,automatic,3.31,-0.34584980237154145
C06006,2025-11-01,21,2139.75,58.96,1,0,annual,,53.87,-0.0863297150610584
C06007,2025-11-01,54,2333.53,20.83,2,1,annual,manual,18.87,-0.0940950552088333
C06008,2025-11-01,6,986.88,40.7,1,0,monthly,manual,22.75,-0.44103194103194104
C06009,2025-11-01,7,1676.6,45.65,1,0,annual,manual,44.62,-0.02256297918948524
C06010,2025-11-01,29,720.69,94.58,4,0,monthly,automatic,89.66,-0.05201945443011209
C06011,2025-11-01,56,1487.49,65.21,0,1,monthly,automatic,68.55,0.05121913816899254
C06012,2025-11-01,48,783.26,30.43,0,0,monthly,manual,28.74,-0.05553729871837007
C06013,2025-11-01,43,1513.12,66.07,1,0,monthly,automatic,45.35,-0.3136067806871499
C06014,2025-11-01,39,593.96,95.43,2,1,monthly,manual,169.5,0.7761710154039609
C06015,2025-11-01,8,2363.83,10.62,0,1,monthly,automatic,10.58,-0.0037664783427494492
C06016,2025-11-01,24,2238.91,82.52,1,0,monthly,automatic,113.46,0.37493940862821135
C06017,2025-11-01,6,973.91,25.61,1,0,monthly,manual,27.49,0.07340882467786017
C06018,2025-11-01,55,1985.32,19.55,2,0,monthly,automatic,28.3,0.4475703324808184
C06019,2025-11-01,55,418.66,90.39,0,0,monthly,automatic,58.61,-0.3515875649961279
C06020,2025-11-01,19,1901.83,5.18,1,0,monthly,automatic,4.6,-0.111969111969112
C06021,2025-11-01,22,848.66,75.4,3,1,monthly,automatic,57.54,-0.236870026525199
C06022,2025-11-01,23,510.98,13.29,3,0,monthly,automatic,9.57,-0.27990970654627534
C06023,2025-11-01,65,1758.84,63.71,2,0,annual,manual,64.58,0.013655627060116112
C06024,2025-11-01,36,1279.56,63.99,1,0,monthly,automatic,53.36,-0.16611970620409441
C06025,2025-11-01,55,1418.32,86.96,1,1,annual,automatic,36.57,-0.5794618215271389
C06026,2025-11-01,33,1396.22,83.15,1,0,annual,manual,67.69,-0.18592904389657255
C06027,2025-11-01,51,335.73,70.09,4,0,annual,automatic,55.01,-0.21515194749607655
C06028,2025-11-01,39,317.17,41.15,1,0,monthly,automatic,50.54,0.22818955042527342
C06029,2025-11-01,21,1581.69,20.81,2,2,annual,automatic,8.61,-0.5862566074002883
C06030,2025-11-01,64,1633.89,65.39,0,0,monthly,manual,48.42,-0.2595198042514146
C06031,2025-11-01,52,307.5,52.21,1,0,annual,automatic,34.32,-0.34265466385749854
C06032,2025-11-01,56,1069.41,12.4,1,1,monthly,automatic,14.64,0.1806451612903226
C06033,2025-11-01,69,1608.56,95.78,0,0,monthly,automatic,69.83,-0.27093338901649616
C06034,2025-11-01,18,1709.37,34.87,2,0,monthly,automatic,44.85,0.28620590765701187
C06035,2025-11-01,7,2104.03,5.2,0,0,annual,automatic,4.7,-0.09615384615384615
C06036,2025-11-01,42,1166.68,90.66,0,0,annual,automatic,98.95,0.09144054709905147
C06037,2025-11-01,24,1459.99,59.82,2,0,monthly,automatic,78.18,0.3069207622868607
C06038,2025-11-01,32,1529.69,74.64,1,0,monthly,automatic,37.26,-0.5008038585209004
C06039,2025-11-01,17,916.7,19.5,0,0,annual,automatic,16.25,-0.16666666666666666
C06040,2025-11-01,29,322.8,43.44,0,1,annual,automatic,46.37,0.06744935543278084
C06041,2025-11-01,29,208.72,66.28,1,0,monthly,automatic,65.57,-0.010712130356065297
C06042,2025-11-01,26,2122.09,28.84,1,0,annual,manual,13.44,-0.5339805825242718
C06043,2025-11-01,54,659.53,71.64,2,0,monthly,manual,83.37,0.16373534338358464
C06044,2025-11-01,43,1648.59,27.19,0,0,monthly,automatic,25.47,-0.06325855093784488
C06045,2025-11-01,35,1526.21,24.87,1,2,monthly,automatic,24.0,-0.03498190591073586
C06046,2025-11-01,9,1118.16,6.1,0,0,annual,automatic,5.14,-0.15737704918032788
C06047,2025-11-01,42,2116.03,31.78,1,0,monthly,manual,1.59,-0.9499685336689742
C06048,2025-11-01,13,1805.32,28.44,1,0,annual,manual,31.59,0.11075949367088603
C06049,2025-11-01,23,251.31,77.61,0,0,monthly,automatic,87.37,0.1257569900785982
C06050,2025-11-01,30,1985.4,59.12,2,0,monthly,manual,45.67,-0.22750338294993228
C06051,2025-11-01,11,1365.1,21.89,1,0,monthly,automatic,8.77,-0.5993604385564185
C06052,2025-11-01,29,997.14,58.97,2,1,annual,manual,43.2,-0.2674241139562489
C06053,2025-11-01,20,1870.83,26.42,1,0,monthly,manual,33.51,0.2683573050719151
C06054,2025-11-01,62,1776.95,45.42,0,0,monthly,automatic,35.3,-0.22280933509467205
C06055,2025-11-01,62,913.35,89.38,2,0,monthly,manual,82.93,-0.07216379503244562
C06056,2025-11-01,1,2459.99,73.33,1,1,monthly,automatic,58.9,-0.196781671894177
C06057,2025-11-01,44,1691.03,66.85,1,0,monthly,,68.88,0.03036649214659688
C06058,2025-11-01,47,1592.29,31.74,0,0,monthly,automatic,14.57,-0.5409577819785759
C06059,2025-11-01,28,359.72,16.84,1,1,monthly,automatic,14.3,-0.15083135391923985
C06060,2025-11-01,34,841.43,76.53,1,1,monthly,automatic,99.77,0.3036717627074349
C06061,2025-11-01,57,1227.04,58.95,1,0,monthly,automatic,35.31,-0.4010178117048346
C06062,2025-11-01,28,1649.44,64.16,0,0,monthly,automatic,52.86,-0.17612219451371566
C06063,2025-11-01,5,1378.36,97.64,0,0,monthly,automatic,125.81,0.2885088078656289
C06064,2025-11-01,27,1953.98,38.09,1,0,monthly,automatic,45.0,0.1814124442110789
C06065,2025-11-01,19,802.91,81.07,2,0,monthly,manual,87.42,0.0783273714074258
C06066,2025-11-01,28,1813.96,58.1,0,0,monthly,automatic,61.36,0.056110154905335594
C06067,2025-11-01,17,2077.17,27.35,0,0,annual,automatic,28.73,0.050457038391224826
C06068,2025-11-01,11,1958.61,10.02,1,0,annual,automatic,8.41,-0.1606786427145708
C06069,2025-11-01,71,1971.95,63.52,2,1,monthly,automatic,82.94,0.30573047858942054
C06070,2025-11-01,10,2242.57,33.27,1,1,monthly,automatic,25.15,-0.24406372107003318
C06071,2025-11-01,51,392.61,71.07,1,0,monthly,automatic,40.65,-0.4280287040945546
C06072,2025-11-01,52,1802.54,71.57,1,0,monthly,automatic,31.18,-0.5643426016487355
C06073,2025-11-01,45,2426.96,48.27,2,2,monthly,automatic,33.99,-0.2958359229334991
C06074,2025-11-01,66,1518.4,55.96,0,0,annual,automatic,39.16,-0.3002144388849179
C06075,2025-11-01,1,698.83,64.52,0,0,monthly,manual,43.29,-0.3290452572845629
C06076,2025-11-01,22,2496.13,49.52,0,0,annual,manual,25.18,-0.491518578352181
C06077,2025-11-01,14,600.76,88.35,1,0,monthly,manual,92.85,0.050933786078098474
C06078,2025-11-01,42,970.78,12.21,0,0,monthly,manual,7.19,-0.41113841113841115
C06079,2025-11-01,46,594.74,98.08,3,1,monthly,automatic,109.06,0.11194942903752043
C06080,2025-11-01,65,1267.38,8.18,0,0,monthly,manual,9.59,0.1723716381418093
C06081,2025-11-01,28,1162.41,24.77,1,0,monthly,manual,45.1,0.8207509083568835
C06082,2025-11-01,17,1328.85,72.29,0,1,annual,manual,55.0,-0.23917554295199897
C06083,2025-11-01,67,2333.36,13.07,1,0,monthly,automatic,11.29,-0.13618974751338953
C06084,2025-11-01,49,1299.15,29.91,0,0,annual,automatic,19.7,-0.3413574055499833
C06085,2025-11-01,56,1382.64,19.63,1,1,annual,manual,10.01,-0.4900662251655629
C06086,2025-11-01,33,2238.37,73.74,0,0,annual,automatic,56.99,-0.22714944399240566
C06087,2025-11-01,33,2079.84,60.0,0,0,annual,automatic,38.9,-0.3516666666666667
C06088,2025-11-01,29,750.36,11.13,0,0,monthly,automatic,5.63,-0.49415992812219234
C06089,2025-11-01,54,228.73,48.71,1,0,annual,automatic,48.85,0.0028741531513036453
C06090,2025-11-01,16,1646.85,24.81,0,0,monthly,automatic,13.52,-0.4550584441757356
C06091,2025-11-01,71,2142.15,96.93,2,1,monthly,manual,108.37,0.11802331579490351
C06092,2025-11-01,13,1470.56,15.25,2,0,monthly,manual,18.6,0.21967213114754108
C06093,2025-11-01,34,684.71,61.82,1,0,annual,manual,38.16,-0.382724037528308
C06094,2025-11-01,23,1904.12,50.78,2,1,annual,manual,71.57,0.4094131547853484
C06095,2025-11-01,47,1738.94,59.92,0,0,monthly,automatic,63.54,0.060413885180240275
C06096,2025-11-01,50,1498.57,95.87,0,1,monthly,automatic,85.75,-0.10555961197454891
C06097,2025-11-01,67,2184.67,37.42,1,0,monthly,manual,11.13,-0.702565473009086
C06098,2025-11-01,57,2002.76,76.13,1,0,annual,automatic,24.39,-0.6796269538946539
C06099,2025-11-01,18,1735.29,47.51,1,0,monthly,automatic,69.86,0.47042727846769106
C06100,2025-11-01,15,1727.94,67.77,0,0,monthly,manual,93.65,0.38187988785598365
C06101,2025-11-01,64,1722.07,39.74,0,1,monthly,manual,58.81,0.47986914947156517
C06102,2025-11-01,36,1406.88,26.58,0,0,annual,automatic,41.73,0.5699774266365688
C06103,2025-11-01,8,1266.02,12.94,0,0,annual,manual,18.13,0.40108191653786707
C06104,2025-11-01,60,1831.08,14.67,0,1,monthly,manual,14.72,0.003408316291751923
C06105,2025-11-01,47,1603.14,96.15,1,0,monthly,manual,107.3,0.11596463858554333
C06106,2025-11-01,2,1325.96,79.9,0,1,annual,manual,54.37,-0.31952440550688366
C06107,2025-11-01,57,490.32,28.27,3,0,monthly,automatic,28.37,0.003537318712416039
C06108,2025-11-01,44,1813.44,55.27,1,0,monthly,manual,65.27,0.18092998009770206
C06109,2025-11-01,45,1684.8,72.85,3,0,annual,manual,86.52,0.18764584763212083
C06110,2025-11-01,63,986.17,38.49,2,0,monthly,automatic,33.72,-0.12392829306313335
C06111,2025-11-01,36,1018.54,46.8,2,0,annual,manual,9.81,-0.7903846153846154
C06112,2025-11-01,34,766.46,73.25,0,0,monthly,automatic,28.59,-0.609692832764505
C06113,2025-11-01,45,2411.41,26.61,1,0,monthly,automatic,28.91,0.08643367155204813
C06114,2025-11-01,15,2177.46,55.0,1,1,annual,automatic,40.87,-0.256909090909091
C06115,2025-11-01,11,1489.41,24.96,0,0,annual,automatic,28.77,0.15264423076923073
C06116,2025-11-01,61,1122.8,5.29,2,0,annual,automatic,2.61,-0.5066162570888469
C06117,2025-11-01,16,1893.7,70.58,0,1,annual,manual,98.57,0.39657126664777553
C06118,2025-11-01,37,1412.77,72.19,0,0,monthly,automatic,42.72,-0.4082282864662696
C06119,2025-11-01,20,2443.46,99.59,0,1,monthly,manual,143.09,0.43679084245406163
C06120,2025-11-01,17,325.78,22.2,3,0,annual,automatic,8.37,-0.622972972972973
C06121,2025-11-01,44,277.86,75.26,1,0,annual,manual,85.13,0.13114536274249255
C06122,2025-11-01,58,1506.81,95.06,1,0,annual,automatic,56.46,-0.4060593309488744
C06123,2025-11-01,32,666.54,66.24,1,0,monthly,manual,60.74,-0.08303140096618347
C06124,2025-11-01,10,1588.9,96.5,0,0,monthly,manual,,
C06125,2025-11-01,18,1996.27,99.47,1,0,monthly,manual,122.91,0.23564893937870712
C06126,2025-11-01,12,516.65,81.15,2,0,monthly,automatic,51.28,-0.36808379544054226
C06127,2025-11-01,64,1212.4,99.93,1,0,monthly,automatic,70.51,-0.2944060842589813
C06128,2025-11-01,24,1782.93,64.45,4,0,annual,manual,23.82,-0.630411171450737
C06129,2025-11-01,27,2116.89,52.22,0,0,monthly,automatic,15.29,-0.7072003063960168
C06130,2025-11-01,6,1340.59,92.18,0,0,monthly,automatic,57.9,-0.3718811021913648
C06131,2025-11-01,33,673.15,83.94,1,1,monthly,automatic,52.11,-0.37919942816297353
C06132,2025-11-01,66,1546.34,15.46,2,1,monthly,manual,6.07,-0.6073738680465718
C06133,2025-11-01,30,1244.39,33.76,1,1,monthly,manual,28.63,-0.1519549763033175
C06134,2025-11-01,47,1974.43,29.76,2,0,annual,manual,27.04,-0.09139784946236566
C06135,2025-11-01,14,,86.25,0,0,monthly,,78.95,-0.08463768115942026
C06136,2025-11-01,11,841.67,27.16,1,0,annual,manual,17.39,-0.359720176730486
C06137,2025-11-01,53,1934.1,33.88,1,0,annual,manual,24.3,-0.282762691853601
C06138,2025-11-01,5,1389.82,54.28,1,1,monthly,manual,43.92,-0.19086219602063373
C06139,2025-11-01,33,607.36,12.23,0,0,monthly,automatic,14.75,0.2060506950122649
C06140,2025-11-01,23,1494.07,96.32,1,0,monthly,manual,65.8,-0.3168604651162791
C06141,2025-11-01,2,2380.14,51.65,1,1,monthly,manual,17.17,-0.6675701839303001
C06142,2025-11-01,39,1821.69,23.09,0,0,monthly,manual,18.65,-0.19229103508012133
C06143,2025-11-01,70,886.25,30.73,0,0,annual,automatic,23.58,-0.23267165636186143
C06144,2025-11-01,5,1834.01,80.82,1,1,monthly,manual,28.67,-0.6452610739915862
C06145,2025-11-01,59,848.99,65.23,1,0,monthly,manual,50.9,-0.21968419438908485
C06146,2025-11-01,39,1447.18,49.14,0,1,monthly,automatic,29.99,-0.38970288970288974
C06147,2025-11-01,53,1410.17,36.5,2,0,annual,manual,32.58,-0.10739726027397264
C06148,2025-11-01,7,768.0,90.57,1,0,monthly,manual,96.63,0.06690957270619413
C06149,2025-11-01,63,999.13,78.39,2,0,annual,manual,57.4,-0.2677637453756857
C06150,2025-11-01,1,2366.02,73.22,1,0,monthly,automatic,80.46,0.09888008740781201
C06151,2025-11-01,66,775.38,47.37,0,0,monthly,automatic,38.51,-0.18703820983744987
C06152,2025-11-01,48,2041.36,98.21,0,0,monthly,automatic,81.26,-0.17258934935342624
C06153,2025-11-01,25,1733.95,72.46,0,0,monthly,automatic,58.82,-0.18824178857300572
C06154,2025-11-01,1,1424.05,45.24,0,0,monthly,automatic,38.55,-0.14787798408488073
C06155,2025-11-01,44,515.28,96.25,0,0,monthly,manual,42.18,-0.5617662337662338
C06156,2025-11-01,7,669.51,90.09,0,0,monthly,automatic,25.21,-0.7201687201687201
C06157,2025-11-01,44,610.65,75.3,0,0,monthly,automatic,98.74,0.31128818061088975
C06158,2025-11-01,56,1548.63,77.86,0,0,monthly,automatic,77.4,-0.005908040071923886
C06159,2025-11-01,20,2437.78,45.24,0,0,monthly,manual,33.03,-0.26989389920424406
C06160,2025-11-01,18,2216.65,53.2,2,1,annual,manual,68.74,0.2921052631578946
C06161,2025-11-01,16,257.08,23.2,1,0,monthly,automatic,44.6,0.9224137931034484
C06162,2025-11-01,17,828.57,61.56,0,1,monthly,automatic,24.31,-0.6051007147498375
C06163,2025-11-01,9,560.69,40.14,1,0,annual,automatic,36.38,-0.09367214748380663
C06164,2025-11-01,18,2443.06,38.01,1,0,monthly,manual,43.84,0.15338068929229165
C06165,2025-11-01,48,740.9,95.08,1,0,monthly,manual,33.22,-0.6506100126209508
C06166,2025-11-01,22,662.02,20.65,0,0,monthly,manual,7.96,-0.6145278450363195
C06167,2025-11-01,57,1627.01,83.85,4,1,annual,manual,105.1,0.25342874180083486
C06168,2025-11-01,59,1478.23,31.74,0,1,annual,manual,28.6,-0.09892879647132946
C06169,2025-11-01,55,718.46,7.72,1,0,monthly,automatic,5.23,-0.32253886010362687
C06170,2025-11-01,39,1740.84,8.84,1,0,monthly,automatic,3.06,-0.6538461538461537
C06171,2025-11-01,23,422.12,45.77,0,0,monthly,automatic,47.34,0.03430194450513437
C06172,2025-11-01,67,243.55,48.17,0,0,monthly,automatic,20.69,-0.5704795515881254
C06173,2025-11-01,15,388.55,35.42,1,0,annual,automatic,19.95,-0.43675889328063244
C06174,2025-11-01,34,1038.2,68.53,0,0,monthly,automatic,40.12,-0.4145629651247629
C06175,2025-11-01,33,2441.54,51.11,0,0,monthly,automatic,40.96,-0.1985912737233418
C06176,2025-11-01,54,1457.67,12.04,1,0,monthly,automatic,6.44,-0.4651162790697674
C06177,2025-11-01,40,1934.87,38.07,2,0,annual,manual,22.37,-0.41239821381665354
C06178,2025-11-01,58,938.44,14.69,1,0,monthly,automatic,18.37,0.25051055139550726
C06179,2025-11-01,67,1853.48,10.98,0,0,monthly,automatic,10.75,-0.020947176684881642
C06180,2025-11-01,29,2421.22,24.79,0,0,monthly,automatic,22.94,-0.0746268656716417
C06181,2025-11-01,63,1021.85,71.55,2,0,monthly,automatic,76.75,0.07267645003494064
C06182,2025-11-01,13,2496.84,71.12,1,0,monthly,manual,39.07,-0.45064679415073117
C06183,2025-11-01,66,1667.34,86.83,1,0,annual,automatic,90.93,0.04721870321317527
C06184,2025-11-01,13,1920.76,76.86,3,0,monthly,manual,82.19,0.06934686442883162
C06185,2025-11-01,62,778.98,55.87,2,0,monthly,manual,31.38,-0.43833900125290853
C06186,2025-11-01,29,1678.11,34.7,3,0,monthly,manual,39.17,0.12881844380403454
C06187,2025-11-01,70,1374.31,5.55,0,0,monthly,automatic,5.56,0.0018018018018017634
C06188,2025-11-01,10,2398.73,66.48,2,0,annual,automatic,67.27,0.011883273164861492
C06189,2025-11-01,34,2279.75,32.52,0,0,monthly,automatic,48.88,0.5030750307503075
C06190,2025-11-01,65,1111.35,28.76,0,0,monthly,manual,27.69,-0.03720445062586927
C06191,2025-11-01,4,2376.8,97.61,1,0,monthly,manual,58.25,-0.40323737321995695
C06192,2025-11-01,20,2234.07,21.55,1,0,monthly,manual,20.81,-0.03433874709976807
C06193,2025-11-01,7,1556.88,8.08,1,0,monthly,automatic,7.47,-0.07549504950495053
C06194,2025-11-01,24,387.87,95.19,1,0,annual,automatic,50.64,-0.4680113457295934
C06195,2025-11-01,29,568.82,34.07,0,2,annual,automatic,7.21,-0.7883768711476372
C06196,2025-11-01,45,375.81,42.37,2,0,monthly,manual,38.01,-0.10290299740382346
C06197,2025-11-01,19,447.38,12.69,1,0,monthly,automatic,15.86,0.24980299448384555
C06198,2025-11-01,12,2445.99,43.39,0,0,monthly,automatic,54.38,0.25328416685872324
C06199,2025-11-01,13,686.98,97.36,1,1,annual,automatic,99.2,0.01889893179950702
C06200,2025-11-01,68,1787.97,70.93,3,0,monthly,automatic,104.23,0.4694769491047511
C06201,2025-11-01,69,1663.01,50.01,1,0,annual,automatic,49.06,-0.018996200759847946
C06202,2025-11-01,16,1650.63,34.21,0,0,annual,automatic,29.11,-0.1490792166033324
C06203,2025-11-01,15,674.42,39.77,5,0,monthly,automatic,39.43,-0.008549157656525103
C06204,2025-11-01,4,1531.5,63.07,1,1,monthly,automatic,41.84,-0.3366101157444109
C06205,2025-11-01,70,1637.74,29.17,2,0,monthly,automatic,13.9,-0.5234830305107988
C06206,2025-11-01,51,1510.93,19.44,1,1,annual,automatic,11.23,-0.42232510288065844
C06207,2025-11-01,55,,71.14,1,1,monthly,manual,53.51,-0.24782119763845942
C06208,2025-11-01,21,1862.04,87.6,0,0,annual,manual,107.15,0.2231735159817353
C06209,2025-11-01,47,367.46,90.65,2,1,annual,manual,37.49,-0.5864313292884722
C06210,2025-11-01,5,1558.76,84.93,1,0,annual,automatic,49.18,-0.4209348875544567
C06211,2025-11-01,49,1202.4,55.41,2,0,monthly,manual,66.59,0.20176863382061014
C06212,2025-11-01,42,774.66,79.94,1,0,monthly,automatic,63.56,-0.2049036777583187
C06213,2025-11-01,24,2055.99,93.0,0,0,annual,automatic,79.07,-0.14978494623655922
C06214,2025-11-01,52,603.55,7.22,1,0,monthly,manual,5.7,-0.21052631578947364
C06215,2025-11-01,47,2344.86,44.15,1,0,annual,automatic,70.48,0.5963759909399775
C06216,2025-11-01,32,2233.5,24.39,2,0,monthly,automatic,27.22,0.11603116031160304
C06217,2025-11-01,14,1028.35,99.69,0,0,monthly,automatic,100.51,0.008225499047045916
C06218,2025-11-01,2,900.85,93.31,2,0,monthly,manual,92.29,-0.010931304254635045
C06219,2025-11-01,68,515.22,81.21,1,0,monthly,manual,86.35,0.06329269794360301
C06220,2025-11-01,21,2306.55,33.11,0,0,monthly,automatic,51.88,0.5668982180610088
C06221,2025-11-01,22,1642.32,95.45,2,0,annual,automatic,75.32,-0.2108957569408068
C06222,2025-11-01,50,272.1,7.78,2,0,monthly,automatic,7.62,-0.02056555269922881
C06223,2025-11-01,19,1374.3,22.86,0,1,monthly,automatic,21.26,-0.0699912510936132
C06224,2025-11-01,28,396.34,63.6,0,2,annual,automatic,78.62,0.23616352201257865
C06225,2025-11-01,52,1518.63,80.34,2,0,annual,automatic,121.85,0.5166791137664922
C06226,2025-11-01,43,1369.61,88.94,1,0,annual,manual,63.51,-0.285923094220823
C06227,2025-11-01,48,389.55,33.55,0,0,monthly,manual,36.19,0.07868852459016396
C06228,2025-11-01,1,2075.48,42.13,0,0,monthly,automatic,41.36,-0.018276762402088847
C06229,2025-11-01,33,802.33,48.21,1,0,monthly,automatic,20.85,-0.5675171126322339
C06230,2025-11-01,35,1444.41,7.56,0,2,annual,manual,9.52,0.25925925925925924
C06231,2025-11-01,46,1668.79,87.08,0,0,annual,automatic,127.76,0.4671566375746441
C06232,2025-11-01,11,2412.3,37.11,1,0,monthly,automatic,44.79,0.20695230396119643
C06233,2025-11-01,12,1334.77,23.93,0,0,monthly,automatic,16.72,-0.3012954450480569
C06234,2025-11-01,55,2308.83,43.87,2,1,annual,automatic,19.53,-0.5548210622293138
C06235,2025-11-01,49,1015.17,72.5,3,1,monthly,automatic,82.97,0.14441379310344826
C06236,2025-11-01,59,2171.11,87.74,2,0,monthly,automatic,47.57,-0.45782995213129696
C06237,2025-11-01,20,741.4,25.46,1,0,monthly,manual,14.69,-0.42301649646504325
C06238,2025-11-01,72,1826.2,21.4,2,1,monthly,automatic,21.26,-0.006542056074766216
C06239,2025-11-01,20,402.81,94.66,0,0,monthly,manual,111.47,0.17758292837523773
C06240,2025-11-01,47,2466.92,57.33,1,0,monthly,automatic,46.0,-0.19762776905634047
C06241,2025-11-01,12,2393.05,39.75,2,0,annual,automatic,33.69,-0.1524528301886793
C06242,2025-11-01,67,1216.09,23.94,3,1,monthly,automatic,21.09,-0.1190476190476191
C06243,2025-11-01,24,1404.05,99.55,0,0,monthly,manual,59.67,-0.4006027122049221
C06244,2025-11-01,58,1573.88,73.32,0,0,monthly,automatic,57.7,-0.21303873431532994
C06245,2025-11-01,24,831.59,25.7,1,0,annual,automatic,9.09,-0.6463035019455253
C06246,2025-11-01,57,1750.28,13.67,0,0,monthly,automatic,16.1,0.17776152158010253
C06247,2025-11-01,33,1805.69,23.93,2,0,monthly,manual,45.37,0.8959465106560801
C06248,2025-11-01,5,1406.68,28.54,1,0,annual,manual,26.86,-0.058864751226348974
C06249,2025-11-01,14,538.8,15.55,1,0,monthly,manual,20.79,0.3369774919614147
C06250,2025-11-01,50,2313.13,26.82,2,0,monthly,automatic,22.22,-0.17151379567486955
C06251,2025-11-01,14,463.6,16.09,1,0,monthly,automatic,7.22,-0.5512740832815414
C06252,2025-11-01,20,1646.1,40.88,0,0,monthly,automatic,69.82,0.7079256360078275
C06253,2025-11-01,40,436.1,51.19,3,0,monthly,automatic,31.94,-0.37605000976753267
C06254,2025-11-01,19,535.03,48.25,3,0,monthly,manual,60.38,0.25139896373057
C06255,2025-11-01,10,246.24,83.77,2,2,annual,manual,83.4,-0.004416855676256301
C06256,2025-11-01,45,1034.74,29.13,2,0,monthly,automatic,38.9,0.3353930655681428
C06257,2025-11-01,50,1670.04,89.27,1,0,monthly,manual,80.03,-0.10350621709420853
C06258,2025-11-01,53,1398.55,91.27,3,0,monthly,automatic,46.79,-0.48734523939958363
C06259,2025-11-01,68,1750.44,96.18,1,0,annual,automatic,66.11,-0.3126429611145769
C06260,2025-11-01,9,1751.54,22.19,1,0,annual,automatic,38.68,0.7431275349256421
C06261,2025-11-01,31,521.4,28.35,1,1,annual,automatic,29.25,0.031746031746031696
C06262,2025-11-01,17,330.88,64.26,0,0,monthly,automatic,108.09,0.6820728291316526
C06263,2025-11-01,65,1637.32,18.38,1,0,monthly,automatic,,
C06264,2025-11-01,39,1701.42,13.13,3,0,annual,manual,15.36,0.16984006092916973
C06265,2025-11-01,8,1479.42,12.0,0,0,monthly,manual,5.65,-0.5291666666666667
C06266,2025-11-01,50,764.25,62.58,2,0,annual,automatic,58.23,-0.06951102588686484
C06267,2025-11-01,4,2063.76,81.44,0,0,monthly,manual,138.29,0.6980599214145382
C06268,2025-11-01,20,373.08,29.59,0,0,monthly,automatic,19.11,-0.35417370733355863
C06269,2025-11-01,52,1653.32,93.69,2,0,annual,automatic,63.56,-0.3215924858576155
C06270,2025-11-01,37,475.95,80.23,0,0,annual,automatic,97.05,0.20964726411566736
C06271,2025-11-01,55,1704.23,12.36,0,1,monthly,automatic,11.87,-0.03964401294498384
C06272,2025-11-01,42,1159.77,43.69,1,0,monthly,automatic,69.19,0.5836575875486382
C06273,2025-11-01,61,1850.64,11.46,0,1,monthly,manual,9.58,-0.1640488656195463
C06274,2025-11-01,41,319.04,91.94,3,0,monthly,manual,86.8,-0.05590602566891452
C06275,2025-11-01,5,1475.69,75.57,2,0,monthly,automatic,77.9,0.030832340876009168
C06276,2025-11-01,6,532.22,70.22,0,0,annual,automatic,38.16,-0.4565650811734549
C06277,2025-11-01,56,1768.48,69.86,0,1,monthly,manual,32.52,-0.5344975665616948
C06278,2025-11-01,3,474.9,32.09,0,0,monthly,manual,13.91,-0.5665316297912123
C06279,2025-11-01,28,368.24,93.69,3,0,monthly,automatic,4.68,-0.9500480307396734
C06280,2025-11-01,2,1839.18,92.66,0,0,annual,automatic,82.49,-0.10975609756097564
C06281,2025-11-01,22,345.12,75.25,1,1,monthly,manual,34.97,-0.5352823920265781
C06282,2025-11-01,43,715.42,49.55,1,0,monthly,automatic,36.24,-0.2686175580221997
C06283,2025-11-01,13,2095.89,9.48,0,1,monthly,manual,12.11,0.27742616033755263
C06284,2025-11-01,34,2061.28,7.69,2,1,monthly,automatic,4.53,-0.41092327698309494
C06285,2025-11-01,72,2163.49,18.12,0,0,monthly,manual,21.05,0.1616997792494481
C06286,2025-11-01,6,949.03,61.6,1,1,monthly,manual,22.6,-0.6331168831168831
C06287,2025-11-01,5,1413.51,80.82,2,0,monthly,automatic,54.98,-0.31972284088097
C06288,2025-11-01,20,1977.7,95.1,1,0,annual,automatic,145.44,0.5293375394321768
C06289,2025-11-01,60,514.07,21.66,0,0,monthly,automatic,16.68,-0.22991689750692523
C06290,2025-11-01,30,1865.1,31.18,1,1,monthly,automatic,42.74,0.37075048107761394
C06291,2025-11-01,47,423.22,10.14,0,0,monthly,automatic,17.69,0.7445759368836292
C06292,2025-11-01,3,2299.48,98.96,4,0,annual,automatic,76.54,-0.22655618431689561
C06293,2025-11-01,53,1664.81,79.19,1,0,monthly,automatic,54.4,-0.3130445763353959
C06294,2025-11-01,5,1333.6,50.67,3,0,monthly,manual,8.31,-0.8359976317347543
C06295,2025-11-01,52,1313.88,59.68,0,0,annual,,61.0,0.02211796246648794
C06296,2025-11-01,11,616.13,58.41,1,0,monthly,automatic,61.49,0.0527306967984935
C06297,2025-11-01,62,994.61,29.16,1,0,annual,manual,34.69,0.18964334705075436
C06298,2025-11-01,22,1871.38,22.61,2,0,monthly,manual,31.81,0.4068996019460416
C06299,2025-11-01,14,1443.17,33.21,1,0,monthly,automatic,18.63,-0.4390243902439025
C06300,2025-11-01,25,1416.4,28.48,1,1,monthly,automatic,44.85,0.5747893258426967
C06301,2025-11-01,1,648.07,57.97,2,0,monthly,automatic,47.62,-0.17854062446092808
C06302,2025-11-01,12,1786.83,34.28,2,0,monthly,manual,35.9,0.04725787631271871
C06303,2025-11-01,44,1100.68,74.25,1,1,monthly,automatic,66.56,-0.10356902356902353
C06304,2025-11-01,22,619.33,58.95,3,0,monthly,automatic,38.32,-0.34995759117896524
C06305,2025-11-01,26,2369.7,55.57,0,0,annual,manual,27.81,-0.49955011696958795
C06306,2025-11-01,59,1364.64,95.37,2,0,annual,automatic,94.76,-0.006396141344238224
C06307,2025-11-01,9,1413.48,35.63,2,0,monthly,manual,20.76,-0.41734493404434464
C06308,2025-11-01,29,2456.16,65.35,0,0,monthly,manual,55.08,-0.15715378729915833
C06309,2025-11-01,14,1041.73,5.0,0,1,annual,automatic,3.88,-0.22400000000000003
C06310,2025-11-01,35,2367.95,75.01,0,0,monthly,manual,59.5,-0.20677243034262105
C06311,2025-11-01,24,1797.33,52.74,1,0,monthly,automatic,15.31,-0.7097080015168752
C06312,2025-11-01,4,1655.12,24.8,1,0,annual,manual,1.24,-0.9500000000000001
C06313,2025-11-01,6,738.16,5.14,1,1,monthly,automatic,6.24,0.21400778210116744
C06314,2025-11-01,62,318.04,72.16,0,0,monthly,automatic,94.81,0.31388580931263865
C06315,2025-11-01,5,1205.9,67.96,1,0,annual,automatic,3.4,-0.9499705709240729
C06316,2025-11-01,57,222.39,68.21,1,0,monthly,automatic,72.74,0.06641254947954847
C06317,2025-11-01,66,362.31,46.56,1,0,annual,automatic,46.38,-0.0038659793814432926
C06318,2025-11-01,34,1568.25,65.73,0,0,annual,automatic,30.01,-0.5434352654799939
C06319,2025-11-01,23,1865.29,59.28,1,1,monthly,automatic,73.17,0.23431174089068826
C06320,2025-11-01,56,585.28,27.7,1,0,annual,automatic,36.52,0.31841155234657054
C06321,2025-11-01,71,1883.75,54.28,1,0,monthly,automatic,70.06,0.2907148120854827
C06322,2025-11-01,9,2383.37,53.89,2,1,annual,manual,82.49,0.530710706995732
C06323,2025-11-01,70,1908.3,83.24,0,2,monthly,manual,105.72,0.2700624699663624
C06324,2025-11-01,68,,46.18,3,1,monthly,manual,29.05,-0.37093980077955824
C06325,2025-11-01,11,1810.64,46.43,1,0,annual,manual,43.0,-0.0738746500107689
C06326,2025-11-01,4,715.9,98.52,5,1,annual,automatic,103.93,0.05491270807957786
C06327,2025-11-01,52,1029.05,89.97,1,0,annual,automatic,130.6,0.4515949761031455
C06328,2025-11-01,6,2382.31,28.02,0,1,annual,manual,23.32,-0.1677373304782298
C06329,2025-11-01,44,1719.78,91.48,1,0,annual,automatic,63.92,-0.30126803672933977
C06330,2025-11-01,5,2013.76,18.11,1,0,monthly,manual,6.18,-0.6587520706791827
C06331,2025-11-01,50,2427.0,86.07,0,0,annual,automatic,105.49,0.2256303009178576
C06332,2025-11-01,17,731.3,22.42,0,0,monthly,automatic,22.27,-0.006690454950936758
C06333,2025-11-01,7,938.88,45.43,0,1,monthly,automatic,28.02,-0.38322694254897643
C06334,2025-11-01,5,1682.04,98.47,2,1,monthly,manual,117.15,0.18970244744592268
C06335,2025-11-01,14,255.02,14.22,2,0,annual,manual,11.39,-0.1990154711673699
C06336,2025-11-01,39,1512.8,84.78,1,1,monthly,automatic,38.69,-0.5436423684831329
C06337,2025-11-01,6,2058.98,52.0,0,0,monthly,manual,72.06,0.3857692307692308
C06338,2025-11-01,58,1603.02,15.54,1,0,monthly,manual,3.08,-0.8018018018018018
C06339,2025-11-01,44,878.4,95.49,1,0,monthly,manual,92.66,-0.0296366111634726
C06340,2025-11-01,22,1864.44,57.18,1,0,monthly,manual,50.39,-0.11874781392095136
C06341,2025-11-01,72,534.87,88.66,2,0,monthly,automatic,30.71,-0.6536205729754117
C06342,2025-11-01,48,2256.98,87.57,0,0,annual,automatic,90.54,0.03391572456320673
C06343,2025-11-01,49,431.1,6.39,1,1,annual,manual,4.33,-0.32237871674491386
C06344,2025-11-01,13,2185.03,30.16,0,0,monthly,automatic,45.52,0.5092838196286473
C06345,2025-11-01,52,1343.96,37.01,2,0,monthly,automatic,47.05,0.2712780329640638
C06346,2025-11-01,41,1184.89,55.81,1,0,annual,manual,55.67,-0.00250851101953056
C06347,2025-11-01,71,1350.52,11.83,1,0,monthly,automatic,0.59,-0.9501267962806424
C06348,2025-11-01,35,659.47,41.95,1,1,monthly,manual,30.44,-0.27437425506555424
C06349,2025-11-01,49,1251.68,82.39,1,0,monthly,automatic,57.55,-0.30149289962374076
C06350,2025-11-01,25,2153.36,21.45,1,1,monthly,manual,28.82,0.34358974358974365
C06351,2025-11-01,3,2041.2,71.62,1,0,monthly,manual,70.35,-0.017732476961742672
C06352,2025-11-01,10,574.01,48.73,2,0,monthly,automatic,50.24,0.0309870716191259
C06353,2025-11-01,63,1747.87,11.72,0,0,annual,manual,14.96,0.2764505119453925
C06354,2025-11-01,54,2169.73,21.85,2,0,monthly,automatic,32.57,0.4906178489702516
C06355,2025-11-01,27,2084.47,18.4,1,0,monthly,manual,26.32,0.4304347826086958
C06356,2025-11-01,51,1177.95,63.87,0,0,monthly,automatic,70.97,0.1111633004540473
C06357,2025-11-01,1,309.61,13.3,0,0,annual,automatic,10.97,-0.17518796992481203
C06358,2025-11-01,3,2340.69,83.19,1,1,monthly,manual,89.2,0.07224426012741922
C06359,2025-11-01,37,1109.54,81.63,2,1,monthly,manual,74.16,-0.09151047409040793
C06360,2025-11-01,45,1029.25,12.61,0,0,annual,manual,15.07,0.19508326724821579
C06361,2025-11-01,68,1945.88,89.38,1,0,monthly,manual,64.47,-0.27869769523383303
C06362,2025-11-01,55,806.14,96.12,0,1,monthly,automatic,118.82,0.23616312942155626
C06363,2025-11-01,19,2118.92,9.13,0,0,monthly,manual,8.55,-0.06352683461117196
C06364,2025-11-01,59,373.92,95.28,1,0,monthly,manual,100.53,0.055100755667506295
C06365,2025-11-01,36,1902.64,31.55,0,0,monthly,manual,15.82,-0.4985736925515056
C06366,2025-11-01,60,2420.32,68.15,2,1,annual,manual,56.17,-0.1757887013939839
C06367,2025-11-01,13,2489.27,21.61,0,0,monthly,manual,23.26,0.07635354002776502
C06368,2025-11-01,2,2323.75,82.66,0,1,monthly,manual,70.77,-0.14384224534236634
C06369,2025-11-01,5,,84.98,0,0,annual,manual,8.38,-0.9013885620145917
C06370,2025-11-01,72,840.42,97.94,0,0,monthly,automatic,47.8,-0.5119460894425159
C06371,2025-11-01,6,2422.29,99.29,0,1,annual,manual,103.23,0.039681740356531346
C06372,2025-11-01,68,2333.16,12.21,2,0,monthly,automatic,17.66,0.4463554463554463
C06373,2025-11-01,53,1428.06,67.51,0,1,monthly,automatic,56.61,-0.16145756184269006
C06374,2025-11-01,11,1123.78,30.94,3,0,monthly,automatic,23.17,-0.251131221719457
C06375,2025-11-01,63,450.31,16.93,2,0,annual,automatic,21.81,0.2882457176609568
C06376,2025-11-01,11,1557.46,19.14,2,0,annual,manual,17.68,-0.07628004179728322
C06377,2025-11-01,11,1810.26,93.96,1,0,monthly,automatic,110.88,0.18007662835249044
C06378,2025-11-01,42,1128.19,69.95,1,0,annual,automatic,57.11,-0.1835596854896355
C06379,2025-11-01,21,1132.87,9.79,1,0,monthly,automatic,7.61,-0.22267620020429
C06380,2025-11-01,21,1517.62,98.5,1,0,annual,manual,118.96,0.20771573604060908
C06381,2025-11-01,15,262.9,81.74,0,0,monthly,automatic,94.44,0.1553706875458772
C06382,2025-11-01,44,2402.09,34.37,0,0,monthly,automatic,27.76,-0.1923188827465812
C06383,2025-11-01,2,865.78,49.73,1,0,monthly,automatic,26.18,-0.4735572089282123
C06384,2025-11-01,18,523.05,74.02,1,0,monthly,manual,24.85,-0.6642799243447717
C06385,2025-11-01,40,211.62,69.22,3,1,monthly,automatic,26.43,-0.6181739381681595
C06386,2025-11-01,36,2169.85,48.99,1,0,monthly,manual,34.21,-0.3016942233108798
C06387,2025-11-01,51,2184.38,53.68,1,0,monthly,automatic,55.33,0.030737704918032762
C06388,2025-11-01,16,418.21,9.1,1,0,monthly,automatic,3.07,-0.6626373626373626
C06389,2025-11-01,47,549.15,52.56,3,0,monthly,manual,18.91,-0.6402207001522071
C06390,2025-11-01,55,1229.18,37.32,5,0,monthly,manual,39.27,0.052250803858520975
C06391,2025-11-01,28,,32.08,0,0,monthly,automatic,47.13,0.4691396508728181
C06392,2025-11-01,19,1891.39,30.61,0,1,monthly,automatic,39.83,0.3012087553087226
C06393,2025-11-01,40,332.49,66.65,5,1,monthly,automatic,18.36,-0.7245311327831958
C06394,2025-11-01,42,1463.33,45.78,1,1,annual,,48.39,0.05701179554390562
C06395,2025-11-01,7,1079.42,45.45,0,0,annual,automatic,57.02,0.25456545654565454
C06396,2025-11-01,41,1268.38,20.12,2,0,monthly,automatic,15.02,-0.253479125248509
C06397,2025-11-01,12,1175.94,96.38,2,0,monthly,automatic,80.68,-0.16289686656982766
C06398,2025-11-01,41,551.27,26.27,1,0,monthly,automatic,27.23,0.03654358583936052
C06399,2025-11-01,68,705.65,43.58,1,0,monthly,manual,47.53,0.09063790729692527
C06400,2025-11-01,39,348.06,23.07,1,0,monthly,automatic,24.27,0.05201560468140439
C06401,2025-11-01,55,464.16,71.8,2,0,monthly,automatic,84.26,0.17353760445682462
C06402,2025-11-01,23,2448.16,46.43,3,0,annual,automatic,46.22,-0.00452293775576138
C06403,2025-11-01,67,842.51,44.3,0,0,annual,manual,31.05,-0.2990970654627539
C06404,2025-11-01,59,905.16,88.13,2,0,monthly,automatic,67.31,-0.23624191535232036
C06405,2025-11-01,67,491.34,77.15,2,1,annual,automatic,49.94,-0.3526895657809463
C06406,2025-11-01,54,1935.88,54.39,2,0,annual,manual,41.26,-0.24140466997609858
C06407,2025-11-01,47,2324.53,49.52,0,0,monthly,automatic,55.29,0.11651857835218085
C06408,2025-11-01,38,2015.43,96.19,0,1,annual,automatic,62.48,-0.35045222996153447
C06409,2025-11-01,67,1608.02,95.86,1,0,monthly,manual,124.09,0.294491967452535
C06410,2025-11-01,62,2069.44,71.95,0,1,annual,automatic,41.31,-0.4258512856150104
C06411,2025-11-01,31,1128.73,77.21,0,1,monthly,automatic,76.53,-0.00880714933298786
C06412,2025-11-01,7,2175.84,90.41,2,2,monthly,automatic,109.63,0.21258710319654905
C06413,2025-11-01,1,2035.59,96.61,3,0,monthly,manual,104.06,0.07711417037573753
C06414,2025-11-01,17,202.97,12.82,0,0,monthly,manual,3.5,-0.7269890795631825
C06415,2025-11-01,5,1320.93,99.75,1,0,monthly,manual,96.42,-0.03338345864661652
C06416,2025-11-01,16,807.62,71.79,2,1,annual,automatic,47.51,-0.33820866415935374
C06417,2025-11-01,8,397.34,61.31,0,0,annual,automatic,28.03,-0.5428152014353287
C06418,2025-11-01,71,2145.25,44.25,3,0,monthly,manual,44.16,-0.002033898305084823
C06419,2025-11-01,7,217.28,36.96,1,2,monthly,manual,17.85,-0.5170454545454545
C06420,2025-11-01,46,1878.38,81.4,2,0,monthly,automatic,81.86,0.005651105651105574
C06421,2025-11-01,26,2471.84,67.17,0,0,monthly,manual,96.03,0.4296560964716391
C06422,2025-11-01,13,1307.65,24.07,1,0,monthly,manual,24.69,0.025758205234732073
C06423,2025-11-01,51,1052.85,62.94,0,0,monthly,automatic,52.78,-0.1614235780108039
C06424,2025-11-01,70,1592.42,18.41,2,0,monthly,manual,15.9,-0.13633894622487777
C06425,2025-11-01,57,2049.81,52.2,0,0,monthly,manual,64.72,0.23984674329501907
C06426,2025-11-01,71,751.58,60.43,0,0,monthly,automatic,49.13,-0.18699321529041862
C06427,2025-11-01,43,775.61,65.39,0,0,annual,manual,49.51,-0.2428505887750421
C06428,2025-11-01,49,1595.51,18.8,1,0,annual,automatic,11.17,-0.40585106382978725
C06429,2025-11-01,11,2360.72,14.08,5,0,annual,automatic,8.55,-0.39275568181818177
C06430,2025-11-01,62,885.41,29.58,2,0,monthly,manual,36.46,0.2325895875591617
C06431,2025-11-01,54,1065.54,62.67,1,2,monthly,manual,47.0,-0.2500398914951333
C06432,2025-11-01,19,2483.67,93.51,3,1,monthly,automatic,104.2,0.11431932413645596
C06433,2025-11-01,26,604.31,79.02,0,0,annual,manual,90.29,0.14262212098203
C06434,2025-11-01,44,376.03,75.84,0,1,monthly,manual,44.4,-0.4145569620253165
C06435,2025-11-01,1,1555.44,36.37,0,0,annual,manual,23.34,-0.358262304096783
C06436,2025-11-01,59,254.81,15.61,2,0,monthly,automatic,17.52,0.12235746316463807
C06437,2025-11-01,21,614.0,89.73,1,1,annual,manual,86.96,-0.030870388944611724
C06438,2025-11-01,6,1630.08,52.58,0,0,annual,manual,45.08,-0.14263978699125143
C06439,2025-11-01,24,1715.88,14.55,1,0,monthly,manual,15.74,0.08178694158075597
C06440,2025-11-01,61,1372.98,55.82,0,1,monthly,automatic,71.13,0.27427445360085984
C06441,2025-11-01,20,1081.62,69.16,1,0,monthly,automatic,62.68,-0.09369577790630418
C06442,2025-11-01,39,1524.25,35.39,0,0,monthly,automatic,25.51,-0.2791749081661486
C06443,2025-11-01,59,1678.79,5.88,1,0,monthly,automatic,5.65,-0.03911564625850333
C06444,2025-11-01,3,2047.01,64.05,1,0,monthly,manual,40.89,-0.3615925058548009
C06445,2025-11-01,55,2022.33,8.81,2,0,monthly,automatic,8.55,-0.02951191827468783
C06446,2025-11-01,21,1728.04,46.12,0,0,annual,automatic,42.46,-0.07935819601040757
C06447,2025-11-01,51,2255.73,83.35,3,0,monthly,automatic,52.88,-0.3655668866226754
C06448,2025-11-01,14,2126.46,99.89,0,0,annual,manual,77.75,-0.22164380818900792
C06449,2025-11-01,11,505.47,40.18,1,0,monthly,automatic,32.41,-0.19337979094076663
C06450,2025-11-01,57,2399.36,6.91,1,0,annual,manual,8.13,0.1765557163531115
C06451,2025-11-01,59,2250.01,51.83,3,0,monthly,automatic,31.81,-0.386262782172487
C06452,2025-11-01,71,937.13,31.25,1,0,monthly,automatic,19.9,-0.3632
C06453,2025-11-01,49,245.42,89.81,1,0,annual,automatic,70.88,-0.21077830976505965
C06454,2025-11-01,34,1588.14,72.59,1,1,monthly,automatic,81.11,0.11737153877944614
C06455,2025-11-01,15,1207.36,43.41,0,0,annual,manual,50.99,0.1746141442064042
C06456,2025-11-01,22,1923.0,77.39,0,0,monthly,manual,78.29,0.011629409484429587
C06457,2025-11-01,47,1405.58,37.41,1,2,monthly,automatic,43.78,0.17027532745255294
C06458,2025-11-01,25,374.93,54.57,4,0,monthly,manual,72.4,0.3267363019974346
C06459,2025-11-01,35,761.78,92.66,1,0,monthly,manual,90.36,-0.024821929635225524
C06460,2025-11-01,13,2228.8,24.01,2,0,monthly,manual,15.35,-0.36068304872969603
C06461,2025-11-01,32,285.69,34.74,0,0,monthly,manual,31.02,-0.10708117443868745
C06462,2025-11-01,18,1893.34,89.13,2,0,annual,automatic,39.52,-0.5566027151351958
C06463,2025-11-01,9,870.47,48.88,1,0,monthly,automatic,51.72,0.058101472995089935
C06464,2025-11-01,10,1240.07,35.2,2,0,monthly,automatic,26.33,-0.2519886363636365
C06465,2025-11-01,38,1420.31,8.54,2,0,monthly,automatic,8.19,-0.04098360655737701
C06466,2025-11-01,27,774.19,44.8,0,0,monthly,automatic,39.88,-0.10982142857142846
C06467,2025-11-01,8,1698.51,52.56,4,0,monthly,automatic,41.31,-0.21404109589041095
C06468,2025-11-01,38,1793.92,43.6,1,1,monthly,automatic,43.55,-0.0011467889908257857
C06469,2025-11-01,12,394.64,31.36,0,1,annual,automatic,27.48,-0.12372448979591834
C06470,2025-11-01,2,1059.03,40.07,3,0,monthly,manual,28.02,-0.3007237334664338
C06471,2025-11-01,10,1911.07,66.03,1,0,monthly,automatic,35.37,-0.46433439345751937
C06472,2025-11-01,33,1858.77,89.67,1,0,annual,automatic,93.67,0.04460800713728114
C06473,2025-11-01,69,1451.59,66.72,4,1,annual,automatic,33.21,-0.5022482014388489
C06474,2025-11-01,18,1987.65,66.39,1,1,monthly,automatic,102.78,0.5481247175779485
C06475,2025-11-01,21,446.58,82.6,1,0,annual,automatic,113.2,0.37046004842615027
C06476,2025-11-01,18,470.89,20.69,2,0,monthly,automatic,7.52,-0.6365393910101499
C06477,2025-11-01,26,1711.23,33.6,1,0,annual,automatic,38.29,0.13958333333333325
C06478,2025-11-01,52,1793.67,9.81,3,1,monthly,automatic,12.93,0.3180428134556574
C06479,2025-11-01,24,2072.41,38.22,1,0,monthly,manual,27.32,-0.2851909994767137
C06480,2025-11-01,48,615.38,99.89,0,0,monthly,automatic,104.17,0.04284713184502954
C06481,2025-11-01,65,1387.57,36.28,0,0,monthly,manual,31.79,-0.12375964718853368
C06482,2025-11-01,69,1718.91,86.68,1,0,monthly,automatic,100.43,0.15862944162436546
C06483,2025-11-01,41,713.51,13.15,1,1,monthly,automatic,10.04,-0.2365019011406845
C06484,2025-11-01,52,1387.93,48.67,0,0,annual,automatic,62.05,0.27491267721388934
C06485,2025-11-01,67,1667.42,38.39,1,0,monthly,manual,33.39,-0.13024225058609012
C06486,2025-11-01,57,692.23,24.15,0,0,monthly,automatic,19.54,-0.19089026915113871
C06487,2025-11-01,22,1062.8,40.39,0,0,monthly,automatic,46.33,0.14706610547165133
C06488,2025-11-01,10,696.58,66.87,0,0,annual,automatic,82.6,0.23523254075071015
C06489,2025-11-01,9,2275.77,51.58,2,0,monthly,manual,5.28,-0.8976347421481194
C06490,2025-11-01,64,743.64,85.21,0,0,monthly,automatic,4.26,-0.9500058678558854
C06491,2025-11-01,41,476.92,90.97,0,0,monthly,automatic,94.57,0.039573485764537696
C06492,2025-11-01,22,279.86,50.78,1,0,monthly,automatic,34.95,-0.3117369042930287
C06493,2025-11-01,25,302.39,98.26,0,1,monthly,manual,44.97,-0.5423366578465296
C06494,2025-11-01,21,639.65,11.84,0,0,monthly,automatic,9.34,-0.21114864864864866
C06495,2025-11-01,58,1597.88,31.25,2,0,monthly,automatic,60.59,0.9388800000000002
C06496,2025-11-01,45,239.59,44.59,0,1,monthly,automatic,20.26,-0.5456380354339538
C06497,2025-11-01,64,858.51,60.36,1,0,annual,automatic,74.24,0.22995361166335315
C06498,2025-11-01,22,332.78,56.86,2,0,monthly,automatic,37.16,-0.34646500175870565
C06499,2025-11-01,35,1127.42,58.96,1,1,monthly,manual,24.28,-0.5881953867028493
C06500,2025-11-01,9,310.73,90.14,1,0,monthly,automatic,63.62,-0.294209008209452
C06501,2025-11-01,70,1596.35,31.37,1,0,monthly,automatic,13.25,-0.5776219317819573
C06502,2025-11-01,37,1782.38,82.6,1,0,monthly,automatic,30.66,-0.6288135593220339
C06503,2025-11-01,40,1881.08,58.01,0,0,monthly,automatic,38.65,-0.33373556283399414
C06504,2025-11-01,30,714.99,51.6,0,0,monthly,manual,27.78,-0.46162790697674416
C06505,2025-11-01,20,2196.55,33.44,1,0,annual,manual,29.06,-0.13098086124401911
C06506,2025-11-01,69,1786.66,33.89,3,0,monthly,manual,33.18,-0.020950132782531744
C06507,2025-11-01,36,329.3,41.91,1,0,monthly,manual,26.98,-0.35623956096397036
C06508,2025-11-01,49,1212.76,77.53,2,0,monthly,automatic,88.41,0.14033277440990577
C06509,2025-11-01,3,1964.84,50.29,1,1,monthly,manual,34.58,-0.31238814873732357
C06510,2025-11-01,20,914.06,19.61,3,1,monthly,manual,16.99,-0.13360530341662422
C06511,2025-11-01,58,1076.59,77.19,0,1,annual,automatic,12.41,-0.8392278792589714
C06512,2025-11-01,7,1647.09,68.02,1,0,monthly,manual,64.53,-0.051308438694501544
C06513,2025-11-01,8,326.61,95.18,1,0,monthly,automatic,162.59,0.7082370245849967
C06514,2025-11-01,59,2422.95,55.29,0,0,monthly,automatic,66.25,0.19822752758184123
C06515,2025-11-01,23,600.31,67.17,3,0,annual,automatic,57.74,-0.14039005508411492
C06516,2025-11-01,20,,50.54,2,0,monthly,automatic,26.01,-0.48535813217253654
C06517,2025-11-01,41,211.24,69.67,3,0,annual,manual,103.89,0.4911726711640591
C06518,2025-11-01,15,1117.98,46.43,1,0,monthly,automatic,40.1,-0.13633426663794956
C06519,2025-11-01,4,2232.78,18.1,2,0,monthly,automatic,12.39,-0.31546961325966855
C06520,2025-11-01,1,2084.45,98.73,0,0,monthly,manual,68.43,-0.30689759951382556
C06521,2025-11-01,6,2296.71,73.43,0,0,monthly,automatic,120.83,0.6455127332153069
C06522,2025-11-01,12,1426.7,62.82,1,0,annual,automatic,55.2,-0.12129894937917857
C06523,2025-11-01,51,1231.12,50.73,1,1,monthly,manual,54.67,0.07766607530061118
C06524,2025-11-01,22,1086.48,72.59,0,1,monthly,manual,61.62,-0.15112274417963914
C06525,2025-11-01,6,305.76,17.04,2,1,annual,automatic,15.29,-0.10269953051643194
C06526,2025-11-01,2,2290.9,35.98,0,1,annual,manual,27.75,-0.2287381878821567
C06527,2025-11-01,35,1340.21,16.85,0,0,monthly,manual,23.89,0.41780415430267054
C06528,2025-11-01,61,1245.66,16.97,0,0,monthly,automatic,15.87,-0.06482027106658808
C06529,2025-11-01,25,1383.89,7.03,0,0,monthly,manual,3.0,-0.5732574679943101
C06530,2025-11-01,5,2025.56,76.81,0,1,annual,manual,81.26,0.05793516469209742
C06531,2025-11-01,17,715.28,26.59,1,0,monthly,manual,23.39,-0.12034599473486271
C06532,2025-11-01,36,1831.77,84.04,2,0,monthly,automatic,88.53,0.053426939552593936
C06533,2025-11-01,14,1833.77,90.92,2,1,monthly,manual,73.09,-0.1961064672239331
C06534,2025-11-01,71,2152.97,21.01,2,0,annual,automatic,15.35,-0.26939552594002864
C06535,2025-11-01,55,218.97,72.34,1,0,monthly,manual,89.19,0.23292784075200434
C06536,2025-11-01,25,590.91,48.73,1,0,monthly,automatic,76.54,0.5706956700184693
C06537,2025-11-01,69,1282.41,92.3,3,0,annual,manual,24.86,-0.7306608884073673
C06538,2025-11-01,24,2155.24,51.02,1,0,monthly,manual,48.4,-0.05135241081928664
C06539,2025-11-01,11,2418.77,40.99,0,1,monthly,automatic,29.96,-0.2690900219565748
C06540,2025-11-01,68,1567.2,32.98,1,0,monthly,automatic,19.82,-0.39902971497877493
C06541,2025-11-01,70,686.91,90.84,3,1,annual,automatic,15.01,-0.8347644209599295
C06542,2025-11-01,23,623.54,26.49,1,0,monthly,automatic,27.72,0.04643261608154022
C06543,2025-11-01,43,1669.72,83.63,1,0,annual,manual,62.79,-0.24919287337079993
C06544,2025-11-01,13,682.16,23.45,1,0,monthly,manual,17.12,-0.2699360341151385
C06545,2025-11-01,47,1471.1,66.12,0,0,monthly,manual,88.66,0.3408953418027827
C06546,2025-11-01,50,2119.07,47.85,1,1,monthly,manual,36.66,-0.23385579937304085
C06547,2025-11-01,52,1095.59,14.94,1,0,monthly,automatic,11.23,-0.2483266398929049
C06548,2025-11-01,41,1069.49,16.96,0,0,monthly,automatic,7.67,-0.5477594339622642
C06549,2025-11-01,51,282.12,31.74,0,0,annual,automatic,,
C06550,2025-11-01,40,783.39,77.83,1,2,monthly,automatic,111.55,0.43325195939868943
C06551,2025-11-01,60,1804.84,74.25,1,0,monthly,manual,84.2,0.13400673400673405
C06552,2025-11-01,13,1027.9,24.49,2,0,monthly,manual,33.57,0.370763576970192
C06553,2025-11-01,35,563.09,50.24,2,0,monthly,automatic,31.44,-0.37420382165605093
C06554,2025-11-01,30,442.27,14.21,1,0,annual,automatic,14.87,0.04644616467276554
C06555,2025-11-01,39,417.62,73.01,3,0,annual,automatic,93.94,0.2866730584851389
C06556,2025-11-01,11,1715.01,80.36,2,0,annual,manual,90.23,0.122822299651568
C06557,2025-11-01,24,1608.03,89.88,1,0,annual,manual,132.4,0.47307521139296854
C06558,2025-11-01,69,1391.6,89.15,0,0,monthly,automatic,94.56,0.06068424004486816
C06559,2025-11-01,8,1349.75,37.1,2,0,annual,manual,34.11,-0.08059299191374668
C06560,2025-11-01,46,551.21,29.18,0,0,annual,manual,2.8,-0.9040438656614119
C06561,2025-11-01,48,1350.39,90.18,1,0,monthly,automatic,96.12,0.06586826347305386
C06562,2025-11-01,35,336.86,18.87,2,0,monthly,manual,21.31,0.12930577636459978
C06563,2025-11-01,3,2328.47,10.64,1,0,annual,automatic,14.06,0.3214285714285714
C06564,2025-11-01,3,332.46,34.85,0,0,annual,manual,22.37,-0.3581061692969871
C06565,2025-11-01,20,1173.12,77.23,1,0,monthly,manual,70.14,-0.09180370322413574
C06566,2025-11-01,8,200.31,70.95,0,0,monthly,automatic,25.79,-0.6365045806906272
C06567,2025-11-01,7,2007.15,98.77,1,0,monthly,automatic,35.1,-0.6446289359117141
C06568,2025-11-01,12,581.19,39.16,2,0,monthly,manual,43.06,0.09959141981613907
C06569,2025-11-01,14,2326.31,31.21,1,0,annual,automatic,42.55,0.36334508170458174
C06570,2025-11-01,61,300.15,40.93,1,1,monthly,automatic,56.3,0.37551917908624477
C06571,2025-11-01,46,2086.81,79.31,1,0,monthly,automatic,85.14,0.07350901525658805
C06572,2025-11-01,3,1709.27,25.36,3,0,monthly,automatic,41.49,0.6360410094637226
C06573,2025-11-01,46,773.39,95.04,0,1,monthly,manual,74.38,-0.21738215488215498
C06574,2025-11-01,10,664.57,53.69,1,0,annual,automatic,66.27,0.23430806481653937
C06575,2025-11-01,31,1021.66,79.4,0,0,annual,manual,36.42,-0.5413098236775818
C06576,2025-11-01,3,2104.33,83.59,1,0,monthly,manual,4.18,-0.9499940184232563
C06577,2025-11-01,7,2181.5,50.49,2,0,monthly,,37.94,-0.24856407209348394
C06578,2025-11-01,10,602.16,75.43,1,0,monthly,automatic,66.21,-0.12223253347474496
C06579,2025-11-01,32,1011.93,39.65,1,0,annual,automatic,39.73,0.002017654476670827
C06580,2025-11-01,34,745.23,82.04,0,1,annual,manual,70.13,-0.1451730862993663
C06581,2025-11-01,26,481.08,83.27,1,1,monthly,automatic,87.14,0.046475321244145607
C06582,2025-11-01,45,1685.83,58.79,0,0,monthly,automatic,89.9,0.529171627827862
C06583,2025-11-01,52,994.5,25.72,0,1,monthly,manual,30.3,0.17807153965785388
C06584,2025-11-01,53,717.38,97.17,0,0,annual,manual,63.36,-0.34794689719049093
C06585,2025-11-01,42,2190.79,94.96,0,1,annual,automatic,4.75,-0.9499789385004213
C06586,2025-11-01,40,1920.13,63.88,0,0,monthly,automatic,34.73,-0.45632435817157174
C06587,2025-11-01,36,1978.65,98.47,2,0,annual,automatic,136.88,0.39006804102772413
C06588,2025-11-01,18,289.15,52.77,2,0,monthly,automatic,39.25,-0.2562061777525109
C06589,2025-11-01,36,2303.8,40.67,2,0,monthly,automatic,47.08,0.15761003196459297
C06590,2025-11-01,1,1520.9,48.75,0,1,monthly,manual,55.78,0.14420512820512824
C06591,2025-11-01,70,1357.75,9.36,1,0,monthly,manual,8.43,-0.09935897435897434
C06592,2025-11-01,27,223.35,57.17,1,0,monthly,manual,50.86,-0.11037257302781182
C06593,2025-11-01,55,2263.62,68.29,2,1,monthly,automatic,46.95,-0.3124908478547372
C06594,2025-11-01,69,1449.95,15.4,0,0,annual,manual,26.17,0.6993506493506494
C06595,2025-11-01,36,2096.85,29.28,3,0,annual,automatic,17.14,-0.4146174863387978
C06596,2025-11-01,63,1706.68,73.51,1,2,annual,manual,96.47,0.312338457352741
C06597,2025-11-01,35,2031.4,80.39,0,0,monthly,automatic,97.33,0.21072272670730188
C06598,2025-11-01,10,1792.74,98.66,1,0,monthly,automatic,112.01,0.13531319683762424
C06599,2025-11-01,2,2317.22,29.06,1,0,monthly,automatic,25.52,-0.12181693048864416
