feature,mean_ap_decrease,std
usage_change,0.20331571800711265,0.010963502389787544
support_tickets,0.07538304346400782,0.013587528136547154
tenure_months,0.06816213101207216,0.009626666831355987
contract,0.04937335565585588,0.009294913471714303
payment_method,0.04209158856477293,0.006526440940882124
failed_payments,0.029231625191163756,0.0067984858168667495
monthly_charge,0.0113905944088734,0.004304804165104288
usage_previous,0.002281546301914328,0.0014560122402694441
usage_current,0.0006528396287052374,0.0006577174190319973
