customer_id,churn_probability,suggested_action,priority_rank
C06294,0.9604391682948861,Resolve support issues,1
C06489,0.9523957030521586,Offer onboarding session,2
C06393,0.9439414661227541,Billing assistance,3
C06141,0.9409818176936021,Billing assistance,4
C05645,0.9379163198202322,Offer onboarding session,5
C06576,0.9358091967531909,Offer onboarding session,6
C06419,0.9243849053422909,Billing assistance,7
C06144,0.9232131926501018,Billing assistance,8
C06286,0.9064621753534267,Billing assistance,9
C05945,0.8851874048004671,Offer onboarding session,10
C05613,0.8799142884323611,Billing assistance,11
C06047,0.8786572053002494,Offer onboarding session,12
C06279,0.8783162662469435,Resolve support issues,13
C06330,0.877626126780428,Offer onboarding session,14
C05702,0.8771874982097754,Billing assistance,15
C05603,0.8738134723734703,Resolve support issues,16
C05609,0.8677927873918683,Billing assistance,17
C05832,0.86629615205775,Resolve support issues,18
C05902,0.8642260605006494,Offer onboarding session,19
C05893,0.8631278333304979,Billing assistance,20
C06128,0.8615654234648981,Resolve support issues,21
C05805,0.8587633896631931,Offer onboarding session,22
C06470,0.8571776433688387,Resolve support issues,23
C06509,0.8488404829581162,Billing assistance,24
C06312,0.8466355002305785,Offer onboarding session,25
C05643,0.8445370145012272,Billing assistance,26
C05621,0.8409953756276314,Billing assistance,27
C05795,0.838881593574502,Billing assistance,28
C05946,0.8381501032831848,Billing assistance,29
C06510,0.8369597463301797,Billing assistance,30
C06389,0.8359189925815752,Resolve support issues,31
C06132,0.8353615957025652,Billing assistance,32
C06533,0.8340535979567473,Billing assistance,33
C05734,0.8326600957369286,Billing assistance,34
C06499,0.8310257058876376,Billing assistance,35
C05556,0.8308970874586374,Billing assistance,36
C06385,0.827558459330883,Billing assistance,37
C06307,0.8267100276720595,Offer onboarding session,38
C06281,0.8227967844699787,Billing assistance,39
C05557,0.8220437112539875,Offer onboarding session,40
C06460,0.8198203950541125,Offer onboarding session,41
C05791,0.8195543422538548,Billing assistance,42
C06029,0.8139533203692866,Billing assistance,43
C05718,0.8078616960880303,Billing assistance,44
C05760,0.8032158997576523,Offer onboarding session,45
C05716,0.8019957487807641,Billing assistance,46
C06429,0.8009866172686635,Resolve support issues,47
C05754,0.8003032060831601,Offer onboarding session,48
C05696,0.7997858977422191,Offer onboarding session,49
C05797,0.7985500052304778,Offer onboarding session,50
C05743,0.793731147379939,Billing assistance,51
C06324,0.7926332072583283,Billing assistance,52
C05984,0.7925442588056764,Offer onboarding session,53
C06073,0.791431388432811,Billing assistance,54
C06467,0.787118364777427,Resolve support issues,55
C06384,0.7870830167588967,Offer onboarding session,56
C05751,0.7868412301599594,Billing assistance,57
C06191,0.786251124768949,Offer onboarding session,58
C05812,0.785261229950891,Billing assistance,59
C06182,0.784111162318083,Offer onboarding session,60
C05969,0.7789401375800421,Review needs with customer,61
C06138,0.7751249371320809,Billing assistance,62
C06444,0.7642575809154254,Offer onboarding session,63
C05858,0.7634147491416126,Resolve support issues,64
C06338,0.7630453228311663,Offer onboarding session,65
C05866,0.7624592197031569,Billing assistance,66
C05979,0.7593865824338215,Billing assistance,67
C06284,0.7581215673158879,Billing assistance,68
C06008,0.7532046517515908,Offer onboarding session,69
C05652,0.7530716730885736,Resolve support issues,70
C05688,0.7516860430730504,Offer onboarding session,71
C05773,0.7502857882313916,Offer onboarding session,72
C06021,0.7480104458740119,Billing assistance,73
C06414,0.7401985290809474,Offer onboarding session,74
C06476,0.7391344238898114,Offer onboarding session,75
C06567,0.7378741948502261,Offer onboarding session,76
C06413,0.7354943396253193,Resolve support issues,77
C05529,0.7345800400854678,Resolve support issues,78
C06431,0.7275525888143366,Billing assistance,79
C06493,0.7267896380103847,Billing assistance,80
C05912,0.7262910498123055,Offer onboarding session,81
C06265,0.7261911310059977,Offer onboarding session,82
C05572,0.7255366929381492,Resolve support issues,83
C05778,0.7234834100572318,Billing assistance,84
C05759,0.7228102448701961,Billing assistance,85
C06278,0.7184915241666935,Offer onboarding session,86
C06204,0.7168353515213316,Billing assistance,87
C05944,0.713873130560547,Billing assistance,88
C06111,0.7134050379691094,Offer onboarding session,89
C05536,0.712169529961271,Offer onboarding session,90
C05772,0.7113040561886097,Offer onboarding session,91
C05875,0.7110081192778905,Offer onboarding session,92
C06368,0.7092265871825099,Billing assistance,93
C06369,0.7087936260843155,Offer onboarding session,94
C06203,0.706208394627014,Resolve support issues,95
C06311,0.7057225808127983,Offer onboarding session,96
C06519,0.7008192204889032,Offer onboarding session,97
C05910,0.6957852833443864,Resolve support issues,98
C06056,0.6946920025770481,Billing assistance,99
C06097,0.6910195509020077,Offer onboarding session,100
