customer_id,snapshot_date,split
C00000,2025-01-01,train
C00001,2025-01-01,train
C00002,2025-01-01,train
C00003,2025-01-01,train
C00004,2025-01-01,train
C00005,2025-01-01,train
C00006,2025-01-01,train
C00007,2025-01-01,train
C00008,2025-01-01,train
C00009,2025-01-01,train
C00010,2025-01-01,train
C00011,2025-01-01,train
C00012,2025-01-01,train
C00013,2025-01-01,train
C00014,2025-01-01,train
C00015,2025-01-01,train
C00016,2025-01-01,train
C00017,2025-01-01,train
C00018,2025-01-01,train
C00019,2025-01-01,train
C00020,2025-01-01,train
C00021,2025-01-01,train
C00022,2025-01-01,train
C00023,2025-01-01,train
C00024,2025-01-01,train
C00025,2025-01-01,train
C00026,2025-01-01,train
C00027,2025-01-01,train
C00028,2025-01-01,train
C00029,2025-01-01,train
C00030,2025-01-01,train
C00031,2025-01-01,train
C00032,2025-01-01,train
C00033,2025-01-01,train
C00034,2025-01-01,train
C00035,2025-01-01,train
C00036,2025-01-01,train
C00037,2025-01-01,train
C00038,2025-01-01,train
C00039,2025-01-01,train
C00040,2025-01-01,train
C00041,2025-01-01,train
C00042,2025-01-01,train
C00043,2025-01-01,train
C00044,2025-01-01,train
C00045,2025-01-01,train
C00046,2025-01-01,train
C00047,2025-01-01,train
C00048,2025-01-01,train
C00049,2025-01-01,train
C00050,2025-01-01,train
C00051,2025-01-01,train
C00052,2025-01-01,train
C00053,2025-01-01,train
C00054,2025-01-01,train
C00055,2025-01-01,train
C00056,2025-01-01,train
C00057,2025-01-01,train
C00058,2025-01-01,train
C00059,2025-01-01,train
C00060,2025-01-01,train
C00061,2025-01-01,train
C00062,2025-01-01,train
C00063,2025-01-01,train
C00064,2025-01-01,train
C00065,2025-01-01,train
C00066,2025-01-01,train
C00067,2025-01-01,train
C00068,2025-01-01,train
C00069,2025-01-01,train
C00070,2025-01-01,train
C00071,2025-01-01,train
C00072,2025-01-01,train
C00073,2025-01-01,train
C00074,2025-01-01,train
C00075,2025-01-01,train
C00076,2025-01-01,train
C00077,2025-01-01,train
C00078,2025-01-01,train
C00079,2025-01-01,train
C00080,2025-01-01,train
C00081,2025-01-01,train
C00082,2025-01-01,train
C00083,2025-01-01,train
C00084,2025-01-01,train
C00085,2025-01-01,train
C00086,2025-01-01,train
C00087,2025-01-01,train
C00088,2025-01-01,train
C00089,2025-01-01,train
C00090,2025-01-01,train
C00091,2025-01-01,train
C00092,2025-01-01,train
C00093,2025-01-01,train
C00094,2025-01-01,train
C00095,2025-01-01,train
C00096,2025-01-01,train
C00097,2025-01-01,train
C00098,2025-01-01,train
C00099,2025-01-01,train
C00100,2025-01-01,train
C00101,2025-01-01,train
C00102,2025-01-01,train
C00103,2025-01-01,train
C00104,2025-01-01,train
C00105,2025-01-01,train
C00106,2025-01-01,train
C00107,2025-01-01,train
C00108,2025-01-01,train
C00109,2025-01-01,train
C00110,2025-01-01,train
C00111,2025-01-01,train
C00112,2025-01-01,train
C00113,2025-01-01,train
C00114,2025-01-01,train
C00115,2025-01-01,train
C00116,2025-01-01,train
C00117,2025-01-01,train
C00118,2025-01-01,train
C00119,2025-01-01,train
C00120,2025-01-01,train
C00121,2025-01-01,train
C00122,2025-01-01,train
C00123,2025-01-01,train
C00124,2025-01-01,train
C00125,2025-01-01,train
C00126,2025-01-01,train
C00127,2025-01-01,train
C00128,2025-01-01,train
C00129,2025-01-01,train
C00130,2025-01-01,train
C00131,2025-01-01,train
C00132,2025-01-01,train
C00133,2025-01-01,train
C00134,2025-01-01,train
C00135,2025-01-01,train
C00136,2025-01-01,train
C00137,2025-01-01,train
C00138,2025-01-01,train
C00139,2025-01-01,train
C00140,2025-01-01,train
C00141,2025-01-01,train
C00142,2025-01-01,train
C00143,2025-01-01,train
C00144,2025-01-01,train
C00145,2025-01-01,train
C00146,2025-01-01,train
C00147,2025-01-01,train
C00148,2025-01-01,train
C00149,2025-01-01,train
C00150,2025-01-01,train
C00151,2025-01-01,train
C00152,2025-01-01,train
C00153,2025-01-01,train
C00154,2025-01-01,train
C00155,2025-01-01,train
C00156,2025-01-01,train
C00157,2025-01-01,train
C00158,2025-01-01,train
C00159,2025-01-01,train
C00160,2025-01-01,train
C00161,2025-01-01,train
C00162,2025-01-01,train
C00163,2025-01-01,train
C00164,2025-01-01,train
C00165,2025-01-01,train
C00166,2025-01-01,train
C00167,2025-01-01,train
C00168,2025-01-01,train
C00169,2025-01-01,train
C00170,2025-01-01,train
C00171,2025-01-01,train
C00172,2025-01-01,train
C00173,2025-01-01,train
C00174,2025-01-01,train
C00175,2025-01-01,train
C00176,2025-01-01,train
C00177,2025-01-01,train
C00178,2025-01-01,train
C00179,2025-01-01,train
C00180,2025-01-01,train
C00181,2025-01-01,train
C00182,2025-01-01,train
C00183,2025-01-01,train
C00184,2025-01-01,train
C00185,2025-01-01,train
C00186,2025-01-01,train
C00187,2025-01-01,train
C00188,2025-01-01,train
C00189,2025-01-01,train
C00190,2025-01-01,train
C00191,2025-01-01,train
C00192,2025-01-01,train
C00193,2025-01-01,train
C00194,2025-01-01,train
C00195,2025-01-01,train
C00196,2025-01-01,train
C00197,2025-01-01,train
C00198,2025-01-01,train
C00199,2025-01-01,train
C00200,2025-01-01,train
C00201,2025-01-01,train
C00202,2025-01-01,train
C00203,2025-01-01,train
C00204,2025-01-01,train
C00205,2025-01-01,train
C00206,2025-01-01,train
C00207,2025-01-01,train
C00208,2025-01-01,train
C00209,2025-01-01,train
C00210,2025-01-01,train
C00211,2025-01-01,train
C00212,2025-01-01,train
C00213,2025-01-01,train
C00214,2025-01-01,train
C00215,2025-01-01,train
C00216,2025-01-01,train
C00217,2025-01-01,train
C00218,2025-01-01,train
C00219,2025-01-01,train
C00220,2025-01-01,train
C00221,2025-01-01,train
C00222,2025-01-01,train
C00223,2025-01-01,train
C00224,2025-01-01,train
C00225,2025-01-01,train
C00226,2025-01-01,train
C00227,2025-01-01,train
C00228,2025-01-01,train
C00229,2025-01-01,train
C00230,2025-01-01,train
C00231,2025-01-01,train
C00232,2025-01-01,train
C00233,2025-01-01,train
C00234,2025-01-01,train
C00235,2025-01-01,train
C00236,2025-01-01,train
C00237,2025-01-01,train
C00238,2025-01-01,train
C00239,2025-01-01,train
C00240,2025-01-01,train
C00241,2025-01-01,train
C00242,2025-01-01,train
C00243,2025-01-01,train
C00244,2025-01-01,train
C00245,2025-01-01,train
C00246,2025-01-01,train
C00247,2025-01-01,train
C00248,2025-01-01,train
C00249,2025-01-01,train
C00250,2025-01-01,train
C00251,2025-01-01,train
C00252,2025-01-01,train
C00253,2025-01-01,train
C00254,2025-01-01,train
C00255,2025-01-01,train
C00256,2025-01-01,train
C00257,2025-01-01,train
C00258,2025-01-01,train
C00259,2025-01-01,train
C00260,2025-01-01,train
C00261,2025-01-01,train
C00262,2025-01-01,train
C00263,2025-01-01,train
C00264,2025-01-01,train
C00265,2025-01-01,train
C00266,2025-01-01,train
C00267,2025-01-01,train
C00268,2025-01-01,train
C00269,2025-01-01,train
C00270,2025-01-01,train
C00271,2025-01-01,train
C00272,2025-01-01,train
C00273,2025-01-01,train
C00274,2025-01-01,train
C00275,2025-01-01,train
C00276,2025-01-01,train
C00277,2025-01-01,train
C00278,2025-01-01,train
C00279,2025-01-01,train
C00280,2025-01-01,train
C00281,2025-01-01,train
C00282,2025-01-01,train
C00283,2025-01-01,train
C00284,2025-01-01,train
C00285,2025-01-01,train
C00286,2025-01-01,train
C00287,2025-01-01,train
C00288,2025-01-01,train
C00289,2025-01-01,train
C00290,2025-01-01,train
C00291,2025-01-01,train
C00292,2025-01-01,train
C00293,2025-01-01,train
C00294,2025-01-01,train
C00295,2025-01-01,train
C00296,2025-01-01,train
C00297,2025-01-01,train
C00298,2025-01-01,train
C00299,2025-01-01,train
C00300,2025-01-01,train
C00301,2025-01-01,train
C00302,2025-01-01,train
C00303,2025-01-01,train
C00304,2025-01-01,train
C00305,2025-01-01,train
C00306,2025-01-01,train
C00307,2025-01-01,train
C00308,2025-01-01,train
C00309,2025-01-01,train
C00310,2025-01-01,train
C00311,2025-01-01,train
C00312,2025-01-01,train
C00313,2025-01-01,train
C00314,2025-01-01,train
C00315,2025-01-01,train
C00316,2025-01-01,train
C00317,2025-01-01,train
C00318,2025-01-01,train
C00319,2025-01-01,train
C00320,2025-01-01,train
C00321,2025-01-01,train
C00322,2025-01-01,train
C00323,2025-01-01,train
C00324,2025-01-01,train
C00325,2025-01-01,train
C00326,2025-01-01,train
C00327,2025-01-01,train
C00328,2025-01-01,train
C00329,2025-01-01,train
C00330,2025-01-01,train
C00331,2025-01-01,train
C00332,2025-01-01,train
C00333,2025-01-01,train
C00334,2025-01-01,train
C00335,2025-01-01,train
C00336,2025-01-01,train
C00337,2025-01-01,train
C00338,2025-01-01,train
C00339,2025-01-01,train
C00340,2025-01-01,train
C00341,2025-01-01,train
C00342,2025-01-01,train
C00343,2025-01-01,train
C00344,2025-01-01,train
C00345,2025-01-01,train
C00346,2025-01-01,train
C00347,2025-01-01,train
C00348,2025-01-01,train
C00349,2025-01-01,train
C00350,2025-01-01,train
C00351,2025-01-01,train
C00352,2025-01-01,train
C00353,2025-01-01,train
C00354,2025-01-01,train
C00355,2025-01-01,train
C00356,2025-01-01,train
C00357,2025-01-01,train
C00358,2025-01-01,train
C00359,2025-01-01,train
C00360,2025-01-01,train
C00361,2025-01-01,train
C00362,2025-01-01,train
C00363,2025-01-01,train
C00364,2025-01-01,train
C00365,2025-01-01,train
C00366,2025-01-01,train
C00367,2025-01-01,train
C00368,2025-01-01,train
C00369,2025-01-01,train
C00370,2025-01-01,train
C00371,2025-01-01,train
C00372,2025-01-01,train
C00373,2025-01-01,train
C00374,2025-01-01,train
C00375,2025-01-01,train
C00376,2025-01-01,train
C00377,2025-01-01,train
C00378,2025-01-01,train
C00379,2025-01-01,train
C00380,2025-01-01,train
C00381,2025-01-01,train
C00382,2025-01-01,train
C00383,2025-01-01,train
C00384,2025-01-01,train
C00385,2025-01-01,train
C00386,2025-01-01,train
C00387,2025-01-01,train
C00388,2025-01-01,train
C00389,2025-01-01,train
C00390,2025-01-01,train
C00391,2025-01-01,train
C00392,2025-01-01,train
C00393,2025-01-01,train
C00394,2025-01-01,train
C00395,2025-01-01,train
C00396,2025-01-01,train
C00397,2025-01-01,train
C00398,2025-01-01,train
C00399,2025-01-01,train
C00400,2025-01-01,train
C00401,2025-01-01,train
C00402,2025-01-01,train
C00403,2025-01-01,train
C00404,2025-01-01,train
C00405,2025-01-01,train
C00406,2025-01-01,train
C00407,2025-01-01,train
C00408,2025-01-01,train
C00409,2025-01-01,train
C00410,2025-01-01,train
C00411,2025-01-01,train
C00412,2025-01-01,train
C00413,2025-01-01,train
C00414,2025-01-01,train
C00415,2025-01-01,train
C00416,2025-01-01,train
C00417,2025-01-01,train
C00418,2025-01-01,train
C00419,2025-01-01,train
C00420,2025-01-01,train
C00421,2025-01-01,train
C00422,2025-01-01,train
C00423,2025-01-01,train
C00424,2025-01-01,train
C00425,2025-01-01,train
C00426,2025-01-01,train
C00427,2025-01-01,train
C00428,2025-01-01,train
C00429,2025-01-01,train
C00430,2025-01-01,train
C00431,2025-01-01,train
C00432,2025-01-01,train
C00433,2025-01-01,train
C00434,2025-01-01,train
C00435,2025-01-01,train
C00436,2025-01-01,train
C00437,2025-01-01,train
C00438,2025-01-01,train
C00439,2025-01-01,train
C00440,2025-01-01,train
C00441,2025-01-01,train
C00442,2025-01-01,train
C00443,2025-01-01,train
C00444,2025-01-01,train
C00445,2025-01-01,train
C00446,2025-01-01,train
C00447,2025-01-01,train
C00448,2025-01-01,train
C00449,2025-01-01,train
C00450,2025-01-01,train
C00451,2025-01-01,train
C00452,2025-01-01,train
C00453,2025-01-01,train
C00454,2025-01-01,train
C00455,2025-01-01,train
C00456,2025-01-01,train
C00457,2025-01-01,train
C00458,2025-01-01,train
C00459,2025-01-01,train
C00460,2025-01-01,train
C00461,2025-01-01,train
C00462,2025-01-01,train
C00463,2025-01-01,train
C00464,2025-01-01,train
C00465,2025-01-01,train
C00466,2025-01-01,train
C00467,2025-01-01,train
C00468,2025-01-01,train
C00469,2025-01-01,train
C00470,2025-01-01,train
C00471,2025-01-01,train
C00472,2025-01-01,train
C00473,2025-01-01,train
C00474,2025-01-01,train
C00475,2025-01-01,train
C00476,2025-01-01,train
C00477,2025-01-01,train
C00478,2025-01-01,train
C00479,2025-01-01,train
C00480,2025-01-01,train
C00481,2025-01-01,train
C00482,2025-01-01,train
C00483,2025-01-01,train
C00484,2025-01-01,train
C00485,2025-01-01,train
C00486,2025-01-01,train
C00487,2025-01-01,train
C00488,2025-01-01,train
C00489,2025-01-01,train
C00490,2025-01-01,train
C00491,2025-01-01,train
C00492,2025-01-01,train
C00493,2025-01-01,train
C00494,2025-01-01,train
C00495,2025-01-01,train
C00496,2025-01-01,train
C00497,2025-01-01,train
C00498,2025-01-01,train
C00499,2025-01-01,train
C00500,2025-01-01,train
C00501,2025-01-01,train
C00502,2025-01-01,train
C00503,2025-01-01,train
C00504,2025-01-01,train
C00505,2025-01-01,train
C00506,2025-01-01,train
C00507,2025-01-01,train
C00508,2025-01-01,train
C00509,2025-01-01,train
C00510,2025-01-01,train
C00511,2025-01-01,train
C00512,2025-01-01,train
C00513,2025-01-01,train
C00514,2025-01-01,train
C00515,2025-01-01,train
C00516,2025-01-01,train
C00517,2025-01-01,train
C00518,2025-01-01,train
C00519,2025-01-01,train
C00520,2025-01-01,train
C00521,2025-01-01,train
C00522,2025-01-01,train
C00523,2025-01-01,train
C00524,2025-01-01,train
C00525,2025-01-01,train
C00526,2025-01-01,train
C00527,2025-01-01,train
C00528,2025-01-01,train
C00529,2025-01-01,train
C00530,2025-01-01,train
C00531,2025-01-01,train
C00532,2025-01-01,train
C00533,2025-01-01,train
C00534,2025-01-01,train
C00535,2025-01-01,train
C00536,2025-01-01,train
C00537,2025-01-01,train
C00538,2025-01-01,train
C00539,2025-01-01,train
C00540,2025-01-01,train
C00541,2025-01-01,train
C00542,2025-01-01,train
C00543,2025-01-01,train
C00544,2025-01-01,train
C00545,2025-01-01,train
C00546,2025-01-01,train
C00547,2025-01-01,train
C00548,2025-01-01,train
C00549,2025-01-01,train
C00550,2025-01-01,train
C00551,2025-01-01,train
C00552,2025-01-01,train
C00553,2025-01-01,train
C00554,2025-01-01,train
C00555,2025-01-01,train
C00556,2025-01-01,train
C00557,2025-01-01,train
C00558,2025-01-01,train
C00559,2025-01-01,train
C00560,2025-01-01,train
C00561,2025-01-01,train
C00562,2025-01-01,train
C00563,2025-01-01,train
C00564,2025-01-01,train
C00565,2025-01-01,train
C00566,2025-01-01,train
C00567,2025-01-01,train
C00568,2025-01-01,train
C00569,2025-01-01,train
C00570,2025-01-01,train
C00571,2025-01-01,train
C00572,2025-01-01,train
C00573,2025-01-01,train
C00574,2025-01-01,train
C00575,2025-01-01,train
C00576,2025-01-01,train
C00577,2025-01-01,train
C00578,2025-01-01,train
C00579,2025-01-01,train
C00580,2025-01-01,train
C00581,2025-01-01,train
C00582,2025-01-01,train
C00583,2025-01-01,train
C00584,2025-01-01,train
C00585,2025-01-01,train
C00586,2025-01-01,train
C00587,2025-01-01,train
C00588,2025-01-01,train
C00589,2025-01-01,train
C00590,2025-01-01,train
C00591,2025-01-01,train
C00592,2025-01-01,train
C00593,2025-01-01,train
C00594,2025-01-01,train
C00595,2025-01-01,train
C00596,2025-01-01,train
C00597,2025-01-01,train
C00598,2025-01-01,train
C00599,2025-01-01,train
C00600,2025-01-01,train
C00601,2025-01-01,train
C00602,2025-01-01,train
C00603,2025-01-01,train
C00604,2025-01-01,train
C00605,2025-01-01,train
C00606,2025-01-01,train
C00607,2025-01-01,train
C00608,2025-01-01,train
C00609,2025-01-01,train
C00610,2025-01-01,train
C00611,2025-01-01,train
C00612,2025-01-01,train
C00613,2025-01-01,train
C00614,2025-01-01,train
C00615,2025-01-01,train
C00616,2025-01-01,train
C00617,2025-01-01,train
C00618,2025-01-01,train
C00619,2025-01-01,train
C00620,2025-01-01,train
C00621,2025-01-01,train
C00622,2025-01-01,train
C00623,2025-01-01,train
C00624,2025-01-01,train
C00625,2025-01-01,train
C00626,2025-01-01,train
C00627,2025-01-01,train
C00628,2025-01-01,train
C00629,2025-01-01,train
C00630,2025-01-01,train
C00631,2025-01-01,train
C00632,2025-01-01,train
C00633,2025-01-01,train
C00634,2025-01-01,train
C00635,2025-01-01,train
C00636,2025-01-01,train
C00637,2025-01-01,train
C00638,2025-01-01,train
C00639,2025-01-01,train
C00640,2025-01-01,train
C00641,2025-01-01,train
C00642,2025-01-01,train
C00643,2025-01-01,train
C00644,2025-01-01,train
C00645,2025-01-01,train
C00646,2025-01-01,train
C00647,2025-01-01,train
C00648,2025-01-01,train
C00649,2025-01-01,train
C00650,2025-01-01,train
C00651,2025-01-01,train
C00652,2025-01-01,train
C00653,2025-01-01,train
C00654,2025-01-01,train
C00655,2025-01-01,train
C00656,2025-01-01,train
C00657,2025-01-01,train
C00658,2025-01-01,train
C00659,2025-01-01,train
C00660,2025-01-01,train
C00661,2025-01-01,train
C00662,2025-01-01,train
C00663,2025-01-01,train
C00664,2025-01-01,train
C00665,2025-01-01,train
C00666,2025-01-01,train
C00667,2025-01-01,train
C00668,2025-01-01,train
C00669,2025-01-01,train
C00670,2025-01-01,train
C00671,2025-01-01,train
C00672,2025-01-01,train
C00673,2025-01-01,train
C00674,2025-01-01,train
C00675,2025-01-01,train
C00676,2025-01-01,train
C00677,2025-01-01,train
C00678,2025-01-01,train
C00679,2025-01-01,train
C00680,2025-01-01,train
C00681,2025-01-01,train
C00682,2025-01-01,train
C00683,2025-01-01,train
C00684,2025-01-01,train
C00685,2025-01-01,train
C00686,2025-01-01,train
C00687,2025-01-01,train
C00688,2025-01-01,train
C00689,2025-01-01,train
C00690,2025-01-01,train
C00691,2025-01-01,train
C00692,2025-01-01,train
C00693,2025-01-01,train
C00694,2025-01-01,train
C00695,2025-01-01,train
C00696,2025-01-01,train
C00697,2025-01-01,train
C00698,2025-01-01,train
C00699,2025-01-01,train
C00700,2025-01-01,train
C00701,2025-01-01,train
C00702,2025-01-01,train
C00703,2025-01-01,train
C00704,2025-01-01,train
C00705,2025-01-01,train
C00706,2025-01-01,train
C00707,2025-01-01,train
C00708,2025-01-01,train
C00709,2025-01-01,train
C00710,2025-01-01,train
C00711,2025-01-01,train
C00712,2025-01-01,train
C00713,2025-01-01,train
C00714,2025-01-01,train
C00715,2025-01-01,train
C00716,2025-01-01,train
C00717,2025-01-01,train
C00718,2025-01-01,train
C00719,2025-01-01,train
C00720,2025-01-01,train
C00721,2025-01-01,train
C00722,2025-01-01,train
C00723,2025-01-01,train
C00724,2025-01-01,train
C00725,2025-01-01,train
C00726,2025-01-01,train
C00727,2025-01-01,train
C00728,2025-01-01,train
C00729,2025-01-01,train
C00730,2025-01-01,train
C00731,2025-01-01,train
C00732,2025-01-01,train
C00733,2025-01-01,train
C00734,2025-01-01,train
C00735,2025-01-01,train
C00736,2025-01-01,train
C00737,2025-01-01,train
C00738,2025-01-01,train
C00739,2025-01-01,train
C00740,2025-01-01,train
C00741,2025-01-01,train
C00742,2025-01-01,train
C00743,2025-01-01,train
C00744,2025-01-01,train
C00745,2025-01-01,train
C00746,2025-01-01,train
C00747,2025-01-01,train
C00748,2025-01-01,train
C00749,2025-01-01,train
C00750,2025-01-01,train
C00751,2025-01-01,train
C00752,2025-01-01,train
C00753,2025-01-01,train
C00754,2025-01-01,train
C00755,2025-01-01,train
C00756,2025-01-01,train
C00757,2025-01-01,train
C00758,2025-01-01,train
C00759,2025-01-01,train
C00760,2025-01-01,train
C00761,2025-01-01,train
C00762,2025-01-01,train
C00763,2025-01-01,train
C00764,2025-01-01,train
C00765,2025-01-01,train
C00766,2025-01-01,train
C00767,2025-01-01,train
C00768,2025-01-01,train
C00769,2025-01-01,train
C00770,2025-01-01,train
C00771,2025-01-01,train
C00772,2025-01-01,train
C00773,2025-01-01,train
C00774,2025-01-01,train
C00775,2025-01-01,train
C00776,2025-01-01,train
C00777,2025-01-01,train
C00778,2025-01-01,train
C00779,2025-01-01,train
C00780,2025-01-01,train
C00781,2025-01-01,train
C00782,2025-01-01,train
C00783,2025-01-01,train
C00784,2025-01-01,train
C00785,2025-01-01,train
C00786,2025-01-01,train
C00787,2025-01-01,train
C00788,2025-01-01,train
C00789,2025-01-01,train
C00790,2025-01-01,train
C00791,2025-01-01,train
C00792,2025-01-01,train
C00793,2025-01-01,train
C00794,2025-01-01,train
C00795,2025-01-01,train
C00796,2025-01-01,train
C00797,2025-01-01,train
C00798,2025-01-01,train
C00799,2025-01-01,train
C00800,2025-01-01,train
C00801,2025-01-01,train
C00802,2025-01-01,train
C00803,2025-01-01,train
C00804,2025-01-01,train
C00805,2025-01-01,train
C00806,2025-01-01,train
C00807,2025-01-01,train
C00808,2025-01-01,train
C00809,2025-01-01,train
C00810,2025-01-01,train
C00811,2025-01-01,train
C00812,2025-01-01,train
C00813,2025-01-01,train
C00814,2025-01-01,train
C00815,2025-01-01,train
C00816,2025-01-01,train
C00817,2025-01-01,train
C00818,2025-01-01,train
C00819,2025-01-01,train
C00820,2025-01-01,train
C00821,2025-01-01,train
C00822,2025-01-01,train
C00823,2025-01-01,train
C00824,2025-01-01,train
C00825,2025-01-01,train
C00826,2025-01-01,train
C00827,2025-01-01,train
C00828,2025-01-01,train
C00829,2025-01-01,train
C00830,2025-01-01,train
C00831,2025-01-01,train
C00832,2025-01-01,train
C00833,2025-01-01,train
C00834,2025-01-01,train
C00835,2025-01-01,train
C00836,2025-01-01,train
C00837,2025-01-01,train
C00838,2025-01-01,train
C00839,2025-01-01,train
C00840,2025-01-01,train
C00841,2025-01-01,train
C00842,2025-01-01,train
C00843,2025-01-01,train
C00844,2025-01-01,train
C00845,2025-01-01,train
C00846,2025-01-01,train
C00847,2025-01-01,train
C00848,2025-01-01,train
C00849,2025-01-01,train
C00850,2025-01-01,train
C00851,2025-01-01,train
C00852,2025-01-01,train
C00853,2025-01-01,train
C00854,2025-01-01,train
C00855,2025-01-01,train
C00856,2025-01-01,train
C00857,2025-01-01,train
C00858,2025-01-01,train
C00859,2025-01-01,train
C00860,2025-01-01,train
C00861,2025-01-01,train
C00862,2025-01-01,train
C00863,2025-01-01,train
C00864,2025-01-01,train
C00865,2025-01-01,train
C00866,2025-01-01,train
C00867,2025-01-01,train
C00868,2025-01-01,train
C00869,2025-01-01,train
C00870,2025-01-01,train
C00871,2025-01-01,train
C00872,2025-01-01,train
C00873,2025-01-01,train
C00874,2025-01-01,train
C00875,2025-01-01,train
C00876,2025-01-01,train
C00877,2025-01-01,train
C00878,2025-01-01,train
C00879,2025-01-01,train
C00880,2025-01-01,train
C00881,2025-01-01,train
C00882,2025-01-01,train
C00883,2025-01-01,train
C00884,2025-01-01,train
C00885,2025-01-01,train
C00886,2025-01-01,train
C00887,2025-01-01,train
C00888,2025-01-01,train
C00889,2025-01-01,train
C00890,2025-01-01,train
C00891,2025-01-01,train
C00892,2025-01-01,train
C00893,2025-01-01,train
C00894,2025-01-01,train
C00895,2025-01-01,train
C00896,2025-01-01,train
C00897,2025-01-01,train
C00898,2025-01-01,train
C00899,2025-01-01,train
C00900,2025-01-01,train
C00901,2025-01-01,train
C00902,2025-01-01,train
C00903,2025-01-01,train
C00904,2025-01-01,train
C00905,2025-01-01,train
C00906,2025-01-01,train
C00907,2025-01-01,train
C00908,2025-01-01,train
C00909,2025-01-01,train
C00910,2025-01-01,train
C00911,2025-01-01,train
C00912,2025-01-01,train
C00913,2025-01-01,train
C00914,2025-01-01,train
C00915,2025-01-01,train
C00916,2025-01-01,train
C00917,2025-01-01,train
C00918,2025-01-01,train
C00919,2025-01-01,train
C00920,2025-01-01,train
C00921,2025-01-01,train
C00922,2025-01-01,train
C00923,2025-01-01,train
C00924,2025-01-01,train
C00925,2025-01-01,train
C00926,2025-01-01,train
C00927,2025-01-01,train
C00928,2025-01-01,train
C00929,2025-01-01,train
C00930,2025-01-01,train
C00931,2025-01-01,train
C00932,2025-01-01,train
C00933,2025-01-01,train
C00934,2025-01-01,train
C00935,2025-01-01,train
C00936,2025-01-01,train
C00937,2025-01-01,train
C00938,2025-01-01,train
C00939,2025-01-01,train
C00940,2025-01-01,train
C00941,2025-01-01,train
C00942,2025-01-01,train
C00943,2025-01-01,train
C00944,2025-01-01,train
C00945,2025-01-01,train
C00946,2025-01-01,train
C00947,2025-01-01,train
C00948,2025-01-01,train
C00949,2025-01-01,train
C00950,2025-01-01,train
C00951,2025-01-01,train
C00952,2025-01-01,train
C00953,2025-01-01,train
C00954,2025-01-01,train
C00955,2025-01-01,train
C00956,2025-01-01,train
C00957,2025-01-01,train
C00958,2025-01-01,train
C00959,2025-01-01,train
C00960,2025-01-01,train
C00961,2025-01-01,train
C00962,2025-01-01,train
C00963,2025-01-01,train
C00964,2025-01-01,train
C00965,2025-01-01,train
C00966,2025-01-01,train
C00967,2025-01-01,train
C00968,2025-01-01,train
C00969,2025-01-01,train
C00970,2025-01-01,train
C00971,2025-01-01,train
C00972,2025-01-01,train
C00973,2025-01-01,train
C00974,2025-01-01,train
C00975,2025-01-01,train
C00976,2025-01-01,train
C00977,2025-01-01,train
C00978,2025-01-01,train
C00979,2025-01-01,train
C00980,2025-01-01,train
C00981,2025-01-01,train
C00982,2025-01-01,train
C00983,2025-01-01,train
C00984,2025-01-01,train
C00985,2025-01-01,train
C00986,2025-01-01,train
C00987,2025-01-01,train
C00988,2025-01-01,train
C00989,2025-01-01,train
C00990,2025-01-01,train
C00991,2025-01-01,train
C00992,2025-01-01,train
C00993,2025-01-01,train
C00994,2025-01-01,train
C00995,2025-01-01,train
C00996,2025-01-01,train
C00997,2025-01-01,train
C00998,2025-01-01,train
C00999,2025-01-01,train
C01000,2025-01-01,train
C01001,2025-01-01,train
C01002,2025-01-01,train
C01003,2025-01-01,train
C01004,2025-01-01,train
C01005,2025-01-01,train
C01006,2025-01-01,train
C01007,2025-01-01,train
C01008,2025-01-01,train
C01009,2025-01-01,train
C01010,2025-01-01,train
C01011,2025-01-01,train
C01012,2025-01-01,train
C01013,2025-01-01,train
C01014,2025-01-01,train
C01015,2025-01-01,train
C01016,2025-01-01,train
C01017,2025-01-01,train
C01018,2025-01-01,train
C01019,2025-01-01,train
C01020,2025-01-01,train
C01021,2025-01-01,train
C01022,2025-01-01,train
C01023,2025-01-01,train
C01024,2025-01-01,train
C01025,2025-01-01,train
C01026,2025-01-01,train
C01027,2025-01-01,train
C01028,2025-01-01,train
C01029,2025-01-01,train
C01030,2025-01-01,train
C01031,2025-01-01,train
C01032,2025-01-01,train
C01033,2025-01-01,train
C01034,2025-01-01,train
C01035,2025-01-01,train
C01036,2025-01-01,train
C01037,2025-01-01,train
C01038,2025-01-01,train
C01039,2025-01-01,train
C01040,2025-01-01,train
C01041,2025-01-01,train
C01042,2025-01-01,train
C01043,2025-01-01,train
C01044,2025-01-01,train
C01045,2025-01-01,train
C01046,2025-01-01,train
C01047,2025-01-01,train
C01048,2025-01-01,train
C01049,2025-01-01,train
C01050,2025-01-01,train
C01051,2025-01-01,train
C01052,2025-01-01,train
C01053,2025-01-01,train
C01054,2025-01-01,train
C01055,2025-01-01,train
C01056,2025-01-01,train
C01057,2025-01-01,train
C01058,2025-01-01,train
C01059,2025-01-01,train
C01060,2025-01-01,train
C01061,2025-01-01,train
C01062,2025-01-01,train
C01063,2025-01-01,train
C01064,2025-01-01,train
C01065,2025-01-01,train
C01066,2025-01-01,train
C01067,2025-01-01,train
C01068,2025-01-01,train
C01069,2025-01-01,train
C01070,2025-01-01,train
C01071,2025-01-01,train
C01072,2025-01-01,train
C01073,2025-01-01,train
C01074,2025-01-01,train
C01075,2025-01-01,train
C01076,2025-01-01,train
C01077,2025-01-01,train
C01078,2025-01-01,train
C01079,2025-01-01,train
C01080,2025-01-01,train
C01081,2025-01-01,train
C01082,2025-01-01,train
C01083,2025-01-01,train
C01084,2025-01-01,train
C01085,2025-01-01,train
C01086,2025-01-01,train
C01087,2025-01-01,train
C01088,2025-01-01,train
C01089,2025-01-01,train
C01090,2025-01-01,train
C01091,2025-01-01,train
C01092,2025-01-01,train
C01093,2025-01-01,train
C01094,2025-01-01,train
C01095,2025-01-01,train
C01096,2025-01-01,train
C01097,2025-01-01,train
C01098,2025-01-01,train
C01099,2025-01-01,train
C01100,2025-03-01,train
C01101,2025-03-01,train
C01102,2025-03-01,train
C01103,2025-03-01,train
C01104,2025-03-01,train
C01105,2025-03-01,train
C01106,2025-03-01,train
C01107,2025-03-01,train
C01108,2025-03-01,train
C01109,2025-03-01,train
C01110,2025-03-01,train
C01111,2025-03-01,train
C01112,2025-03-01,train
C01113,2025-03-01,train
C01114,2025-03-01,train
C01115,2025-03-01,train
C01116,2025-03-01,train
C01117,2025-03-01,train
C01118,2025-03-01,train
C01119,2025-03-01,train
C01120,2025-03-01,train
C01121,2025-03-01,train
C01122,2025-03-01,train
C01123,2025-03-01,train
C01124,2025-03-01,train
C01125,2025-03-01,train
C01126,2025-03-01,train
C01127,2025-03-01,train
C01128,2025-03-01,train
C01129,2025-03-01,train
C01130,2025-03-01,train
C01131,2025-03-01,train
C01132,2025-03-01,train
C01133,2025-03-01,train
C01134,2025-03-01,train
C01135,2025-03-01,train
C01136,2025-03-01,train
C01137,2025-03-01,train
C01138,2025-03-01,train
C01139,2025-03-01,train
C01140,2025-03-01,train
C01141,2025-03-01,train
C01142,2025-03-01,train
C01143,2025-03-01,train
C01144,2025-03-01,train
C01145,2025-03-01,train
C01146,2025-03-01,train
C01147,2025-03-01,train
C01148,2025-03-01,train
C01149,2025-03-01,train
C01150,2025-03-01,train
C01151,2025-03-01,train
C01152,2025-03-01,train
C01153,2025-03-01,train
C01154,2025-03-01,train
C01155,2025-03-01,train
C01156,2025-03-01,train
C01157,2025-03-01,train
C01158,2025-03-01,train
C01159,2025-03-01,train
C01160,2025-03-01,train
C01161,2025-03-01,train
C01162,2025-03-01,train
C01163,2025-03-01,train
C01164,2025-03-01,train
C01165,2025-03-01,train
C01166,2025-03-01,train
C01167,2025-03-01,train
C01168,2025-03-01,train
C01169,2025-03-01,train
C01170,2025-03-01,train
C01171,2025-03-01,train
C01172,2025-03-01,train
C01173,2025-03-01,train
C01174,2025-03-01,train
C01175,2025-03-01,train
C01176,2025-03-01,train
C01177,2025-03-01,train
C01178,2025-03-01,train
C01179,2025-03-01,train
C01180,2025-03-01,train
C01181,2025-03-01,train
C01182,2025-03-01,train
C01183,2025-03-01,train
C01184,2025-03-01,train
C01185,2025-03-01,train
C01186,2025-03-01,train
C01187,2025-03-01,train
C01188,2025-03-01,train
C01189,2025-03-01,train
C01190,2025-03-01,train
C01191,2025-03-01,train
C01192,2025-03-01,train
C01193,2025-03-01,train
C01194,2025-03-01,train
C01195,2025-03-01,train
C01196,2025-03-01,train
C01197,2025-03-01,train
C01198,2025-03-01,train
C01199,2025-03-01,train
C01200,2025-03-01,train
C01201,2025-03-01,train
C01202,2025-03-01,train
C01203,2025-03-01,train
C01204,2025-03-01,train
C01205,2025-03-01,train
C01206,2025-03-01,train
C01207,2025-03-01,train
C01208,2025-03-01,train
C01209,2025-03-01,train
C01210,2025-03-01,train
C01211,2025-03-01,train
C01212,2025-03-01,train
C01213,2025-03-01,train
C01214,2025-03-01,train
C01215,2025-03-01,train
C01216,2025-03-01,train
C01217,2025-03-01,train
C01218,2025-03-01,train
C01219,2025-03-01,train
C01220,2025-03-01,train
C01221,2025-03-01,train
C01222,2025-03-01,train
C01223,2025-03-01,train
C01224,2025-03-01,train
C01225,2025-03-01,train
C01226,2025-03-01,train
C01227,2025-03-01,train
C01228,2025-03-01,train
C01229,2025-03-01,train
C01230,2025-03-01,train
C01231,2025-03-01,train
C01232,2025-03-01,train
C01233,2025-03-01,train
C01234,2025-03-01,train
C01235,2025-03-01,train
C01236,2025-03-01,train
C01237,2025-03-01,train
C01238,2025-03-01,train
C01239,2025-03-01,train
C01240,2025-03-01,train
C01241,2025-03-01,train
C01242,2025-03-01,train
C01243,2025-03-01,train
C01244,2025-03-01,train
C01245,2025-03-01,train
C01246,2025-03-01,train
C01247,2025-03-01,train
C01248,2025-03-01,train
C01249,2025-03-01,train
C01250,2025-03-01,train
C01251,2025-03-01,train
C01252,2025-03-01,train
C01253,2025-03-01,train
C01254,2025-03-01,train
C01255,2025-03-01,train
C01256,2025-03-01,train
C01257,2025-03-01,train
C01258,2025-03-01,train
C01259,2025-03-01,train
C01260,2025-03-01,train
C01261,2025-03-01,train
C01262,2025-03-01,train
C01263,2025-03-01,train
C01264,2025-03-01,train
C01265,2025-03-01,train
C01266,2025-03-01,train
C01267,2025-03-01,train
C01268,2025-03-01,train
C01269,2025-03-01,train
C01270,2025-03-01,train
C01271,2025-03-01,train
C01272,2025-03-01,train
C01273,2025-03-01,train
C01274,2025-03-01,train
C01275,2025-03-01,train
C01276,2025-03-01,train
C01277,2025-03-01,train
C01278,2025-03-01,train
C01279,2025-03-01,train
C01280,2025-03-01,train
C01281,2025-03-01,train
C01282,2025-03-01,train
C01283,2025-03-01,train
C01284,2025-03-01,train
C01285,2025-03-01,train
C01286,2025-03-01,train
C01287,2025-03-01,train
C01288,2025-03-01,train
C01289,2025-03-01,train
C01290,2025-03-01,train
C01291,2025-03-01,train
C01292,2025-03-01,train
C01293,2025-03-01,train
C01294,2025-03-01,train
C01295,2025-03-01,train
C01296,2025-03-01,train
C01297,2025-03-01,train
C01298,2025-03-01,train
C01299,2025-03-01,train
C01300,2025-03-01,train
C01301,2025-03-01,train
C01302,2025-03-01,train
C01303,2025-03-01,train
C01304,2025-03-01,train
C01305,2025-03-01,train
C01306,2025-03-01,train
C01307,2025-03-01,train
C01308,2025-03-01,train
C01309,2025-03-01,train
C01310,2025-03-01,train
C01311,2025-03-01,train
C01312,2025-03-01,train
C01313,2025-03-01,train
C01314,2025-03-01,train
C01315,2025-03-01,train
C01316,2025-03-01,train
C01317,2025-03-01,train
C01318,2025-03-01,train
C01319,2025-03-01,train
C01320,2025-03-01,train
C01321,2025-03-01,train
C01322,2025-03-01,train
C01323,2025-03-01,train
C01324,2025-03-01,train
C01325,2025-03-01,train
C01326,2025-03-01,train
C01327,2025-03-01,train
C01328,2025-03-01,train
C01329,2025-03-01,train
C01330,2025-03-01,train
C01331,2025-03-01,train
C01332,2025-03-01,train
C01333,2025-03-01,train
C01334,2025-03-01,train
C01335,2025-03-01,train
C01336,2025-03-01,train
C01337,2025-03-01,train
C01338,2025-03-01,train
C01339,2025-03-01,train
C01340,2025-03-01,train
C01341,2025-03-01,train
C01342,2025-03-01,train
C01343,2025-03-01,train
C01344,2025-03-01,train
C01345,2025-03-01,train
C01346,2025-03-01,train
C01347,2025-03-01,train
C01348,2025-03-01,train
C01349,2025-03-01,train
C01350,2025-03-01,train
C01351,2025-03-01,train
C01352,2025-03-01,train
C01353,2025-03-01,train
C01354,2025-03-01,train
C01355,2025-03-01,train
C01356,2025-03-01,train
C01357,2025-03-01,train
C01358,2025-03-01,train
C01359,2025-03-01,train
C01360,2025-03-01,train
C01361,2025-03-01,train
C01362,2025-03-01,train
C01363,2025-03-01,train
C01364,2025-03-01,train
C01365,2025-03-01,train
C01366,2025-03-01,train
C01367,2025-03-01,train
C01368,2025-03-01,train
C01369,2025-03-01,train
C01370,2025-03-01,train
C01371,2025-03-01,train
C01372,2025-03-01,train
C01373,2025-03-01,train
C01374,2025-03-01,train
C01375,2025-03-01,train
C01376,2025-03-01,train
C01377,2025-03-01,train
C01378,2025-03-01,train
C01379,2025-03-01,train
C01380,2025-03-01,train
C01381,2025-03-01,train
C01382,2025-03-01,train
C01383,2025-03-01,train
C01384,2025-03-01,train
C01385,2025-03-01,train
C01386,2025-03-01,train
C01387,2025-03-01,train
C01388,2025-03-01,train
C01389,2025-03-01,train
C01390,2025-03-01,train
C01391,2025-03-01,train
C01392,2025-03-01,train
C01393,2025-03-01,train
C01394,2025-03-01,train
C01395,2025-03-01,train
C01396,2025-03-01,train
C01397,2025-03-01,train
C01398,2025-03-01,train
C01399,2025-03-01,train
C01400,2025-03-01,train
C01401,2025-03-01,train
C01402,2025-03-01,train
C01403,2025-03-01,train
C01404,2025-03-01,train
C01405,2025-03-01,train
C01406,2025-03-01,train
C01407,2025-03-01,train
C01408,2025-03-01,train
C01409,2025-03-01,train
C01410,2025-03-01,train
C01411,2025-03-01,train
C01412,2025-03-01,train
C01413,2025-03-01,train
C01414,2025-03-01,train
C01415,2025-03-01,train
C01416,2025-03-01,train
C01417,2025-03-01,train
C01418,2025-03-01,train
C01419,2025-03-01,train
C01420,2025-03-01,train
C01421,2025-03-01,train
C01422,2025-03-01,train
C01423,2025-03-01,train
C01424,2025-03-01,train
C01425,2025-03-01,train
C01426,2025-03-01,train
C01427,2025-03-01,train
C01428,2025-03-01,train
C01429,2025-03-01,train
C01430,2025-03-01,train
C01431,2025-03-01,train
C01432,2025-03-01,train
C01433,2025-03-01,train
C01434,2025-03-01,train
C01435,2025-03-01,train
C01436,2025-03-01,train
C01437,2025-03-01,train
C01438,2025-03-01,train
C01439,2025-03-01,train
C01440,2025-03-01,train
C01441,2025-03-01,train
C01442,2025-03-01,train
C01443,2025-03-01,train
C01444,2025-03-01,train
C01445,2025-03-01,train
C01446,2025-03-01,train
C01447,2025-03-01,train
C01448,2025-03-01,train
C01449,2025-03-01,train
C01450,2025-03-01,train
C01451,2025-03-01,train
C01452,2025-03-01,train
C01453,2025-03-01,train
C01454,2025-03-01,train
C01455,2025-03-01,train
C01456,2025-03-01,train
C01457,2025-03-01,train
C01458,2025-03-01,train
C01459,2025-03-01,train
C01460,2025-03-01,train
C01461,2025-03-01,train
C01462,2025-03-01,train
C01463,2025-03-01,train
C01464,2025-03-01,train
C01465,2025-03-01,train
C01466,2025-03-01,train
C01467,2025-03-01,train
C01468,2025-03-01,train
C01469,2025-03-01,train
C01470,2025-03-01,train
C01471,2025-03-01,train
C01472,2025-03-01,train
C01473,2025-03-01,train
C01474,2025-03-01,train
C01475,2025-03-01,train
C01476,2025-03-01,train
C01477,2025-03-01,train
C01478,2025-03-01,train
C01479,2025-03-01,train
C01480,2025-03-01,train
C01481,2025-03-01,train
C01482,2025-03-01,train
C01483,2025-03-01,train
C01484,2025-03-01,train
C01485,2025-03-01,train
C01486,2025-03-01,train
C01487,2025-03-01,train
C01488,2025-03-01,train
C01489,2025-03-01,train
C01490,2025-03-01,train
C01491,2025-03-01,train
C01492,2025-03-01,train
C01493,2025-03-01,train
C01494,2025-03-01,train
C01495,2025-03-01,train
C01496,2025-03-01,train
C01497,2025-03-01,train
C01498,2025-03-01,train
C01499,2025-03-01,train
C01500,2025-03-01,train
C01501,2025-03-01,train
C01502,2025-03-01,train
C01503,2025-03-01,train
C01504,2025-03-01,train
C01505,2025-03-01,train
C01506,2025-03-01,train
C01507,2025-03-01,train
C01508,2025-03-01,train
C01509,2025-03-01,train
C01510,2025-03-01,train
C01511,2025-03-01,train
C01512,2025-03-01,train
C01513,2025-03-01,train
C01514,2025-03-01,train
C01515,2025-03-01,train
C01516,2025-03-01,train
C01517,2025-03-01,train
C01518,2025-03-01,train
C01519,2025-03-01,train
C01520,2025-03-01,train
C01521,2025-03-01,train
C01522,2025-03-01,train
C01523,2025-03-01,train
C01524,2025-03-01,train
C01525,2025-03-01,train
C01526,2025-03-01,train
C01527,2025-03-01,train
C01528,2025-03-01,train
C01529,2025-03-01,train
C01530,2025-03-01,train
C01531,2025-03-01,train
C01532,2025-03-01,train
C01533,2025-03-01,train
C01534,2025-03-01,train
C01535,2025-03-01,train
C01536,2025-03-01,train
C01537,2025-03-01,train
C01538,2025-03-01,train
C01539,2025-03-01,train
C01540,2025-03-01,train
C01541,2025-03-01,train
C01542,2025-03-01,train
C01543,2025-03-01,train
C01544,2025-03-01,train
C01545,2025-03-01,train
C01546,2025-03-01,train
C01547,2025-03-01,train
C01548,2025-03-01,train
C01549,2025-03-01,train
C01550,2025-03-01,train
C01551,2025-03-01,train
C01552,2025-03-01,train
C01553,2025-03-01,train
C01554,2025-03-01,train
C01555,2025-03-01,train
C01556,2025-03-01,train
C01557,2025-03-01,train
C01558,2025-03-01,train
C01559,2025-03-01,train
C01560,2025-03-01,train
C01561,2025-03-01,train
C01562,2025-03-01,train
C01563,2025-03-01,train
C01564,2025-03-01,train
C01565,2025-03-01,train
C01566,2025-03-01,train
C01567,2025-03-01,train
C01568,2025-03-01,train
C01569,2025-03-01,train
C01570,2025-03-01,train
C01571,2025-03-01,train
C01572,2025-03-01,train
C01573,2025-03-01,train
C01574,2025-03-01,train
C01575,2025-03-01,train
C01576,2025-03-01,train
C01577,2025-03-01,train
C01578,2025-03-01,train
C01579,2025-03-01,train
C01580,2025-03-01,train
C01581,2025-03-01,train
C01582,2025-03-01,train
C01583,2025-03-01,train
C01584,2025-03-01,train
C01585,2025-03-01,train
C01586,2025-03-01,train
C01587,2025-03-01,train
C01588,2025-03-01,train
C01589,2025-03-01,train
C01590,2025-03-01,train
C01591,2025-03-01,train
C01592,2025-03-01,train
C01593,2025-03-01,train
C01594,2025-03-01,train
C01595,2025-03-01,train
C01596,2025-03-01,train
C01597,2025-03-01,train
C01598,2025-03-01,train
C01599,2025-03-01,train
C01600,2025-03-01,train
C01601,2025-03-01,train
C01602,2025-03-01,train
C01603,2025-03-01,train
C01604,2025-03-01,train
C01605,2025-03-01,train
C01606,2025-03-01,train
C01607,2025-03-01,train
C01608,2025-03-01,train
C01609,2025-03-01,train
C01610,2025-03-01,train
C01611,2025-03-01,train
C01612,2025-03-01,train
C01613,2025-03-01,train
C01614,2025-03-01,train
C01615,2025-03-01,train
C01616,2025-03-01,train
C01617,2025-03-01,train
C01618,2025-03-01,train
C01619,2025-03-01,train
C01620,2025-03-01,train
C01621,2025-03-01,train
C01622,2025-03-01,train
C01623,2025-03-01,train
C01624,2025-03-01,train
C01625,2025-03-01,train
C01626,2025-03-01,train
C01627,2025-03-01,train
C01628,2025-03-01,train
C01629,2025-03-01,train
C01630,2025-03-01,train
C01631,2025-03-01,train
C01632,2025-03-01,train
C01633,2025-03-01,train
C01634,2025-03-01,train
C01635,2025-03-01,train
C01636,2025-03-01,train
C01637,2025-03-01,train
C01638,2025-03-01,train
C01639,2025-03-01,train
C01640,2025-03-01,train
C01641,2025-03-01,train
C01642,2025-03-01,train
C01643,2025-03-01,train
C01644,2025-03-01,train
C01645,2025-03-01,train
C01646,2025-03-01,train
C01647,2025-03-01,train
C01648,2025-03-01,train
C01649,2025-03-01,train
C01650,2025-03-01,train
C01651,2025-03-01,train
C01652,2025-03-01,train
C01653,2025-03-01,train
C01654,2025-03-01,train
C01655,2025-03-01,train
C01656,2025-03-01,train
C01657,2025-03-01,train
C01658,2025-03-01,train
C01659,2025-03-01,train
C01660,2025-03-01,train
C01661,2025-03-01,train
C01662,2025-03-01,train
C01663,2025-03-01,train
C01664,2025-03-01,train
C01665,2025-03-01,train
C01666,2025-03-01,train
C01667,2025-03-01,train
C01668,2025-03-01,train
C01669,2025-03-01,train
C01670,2025-03-01,train
C01671,2025-03-01,train
C01672,2025-03-01,train
C01673,2025-03-01,train
C01674,2025-03-01,train
C01675,2025-03-01,train
C01676,2025-03-01,train
C01677,2025-03-01,train
C01678,2025-03-01,train
C01679,2025-03-01,train
C01680,2025-03-01,train
C01681,2025-03-01,train
C01682,2025-03-01,train
C01683,2025-03-01,train
C01684,2025-03-01,train
C01685,2025-03-01,train
C01686,2025-03-01,train
C01687,2025-03-01,train
C01688,2025-03-01,train
C01689,2025-03-01,train
C01690,2025-03-01,train
C01691,2025-03-01,train
C01692,2025-03-01,train
C01693,2025-03-01,train
C01694,2025-03-01,train
C01695,2025-03-01,train
C01696,2025-03-01,train
C01697,2025-03-01,train
C01698,2025-03-01,train
C01699,2025-03-01,train
C01700,2025-03-01,train
C01701,2025-03-01,train
C01702,2025-03-01,train
C01703,2025-03-01,train
C01704,2025-03-01,train
C01705,2025-03-01,train
C01706,2025-03-01,train
C01707,2025-03-01,train
C01708,2025-03-01,train
C01709,2025-03-01,train
C01710,2025-03-01,train
C01711,2025-03-01,train
C01712,2025-03-01,train
C01713,2025-03-01,train
C01714,2025-03-01,train
C01715,2025-03-01,train
C01716,2025-03-01,train
C01717,2025-03-01,train
C01718,2025-03-01,train
C01719,2025-03-01,train
C01720,2025-03-01,train
C01721,2025-03-01,train
C01722,2025-03-01,train
C01723,2025-03-01,train
C01724,2025-03-01,train
C01725,2025-03-01,train
C01726,2025-03-01,train
C01727,2025-03-01,train
C01728,2025-03-01,train
C01729,2025-03-01,train
C01730,2025-03-01,train
C01731,2025-03-01,train
C01732,2025-03-01,train
C01733,2025-03-01,train
C01734,2025-03-01,train
C01735,2025-03-01,train
C01736,2025-03-01,train
C01737,2025-03-01,train
C01738,2025-03-01,train
C01739,2025-03-01,train
C01740,2025-03-01,train
C01741,2025-03-01,train
C01742,2025-03-01,train
C01743,2025-03-01,train
C01744,2025-03-01,train
C01745,2025-03-01,train
C01746,2025-03-01,train
C01747,2025-03-01,train
C01748,2025-03-01,train
C01749,2025-03-01,train
C01750,2025-03-01,train
C01751,2025-03-01,train
C01752,2025-03-01,train
C01753,2025-03-01,train
C01754,2025-03-01,train
C01755,2025-03-01,train
C01756,2025-03-01,train
C01757,2025-03-01,train
C01758,2025-03-01,train
C01759,2025-03-01,train
C01760,2025-03-01,train
C01761,2025-03-01,train
C01762,2025-03-01,train
C01763,2025-03-01,train
C01764,2025-03-01,train
C01765,2025-03-01,train
C01766,2025-03-01,train
C01767,2025-03-01,train
C01768,2025-03-01,train
C01769,2025-03-01,train
C01770,2025-03-01,train
C01771,2025-03-01,train
C01772,2025-03-01,train
C01773,2025-03-01,train
C01774,2025-03-01,train
C01775,2025-03-01,train
C01776,2025-03-01,train
C01777,2025-03-01,train
C01778,2025-03-01,train
C01779,2025-03-01,train
C01780,2025-03-01,train
C01781,2025-03-01,train
C01782,2025-03-01,train
C01783,2025-03-01,train
C01784,2025-03-01,train
C01785,2025-03-01,train
C01786,2025-03-01,train
C01787,2025-03-01,train
C01788,2025-03-01,train
C01789,2025-03-01,train
C01790,2025-03-01,train
C01791,2025-03-01,train
C01792,2025-03-01,train
C01793,2025-03-01,train
C01794,2025-03-01,train
C01795,2025-03-01,train
C01796,2025-03-01,train
C01797,2025-03-01,train
C01798,2025-03-01,train
C01799,2025-03-01,train
C01800,2025-03-01,train
C01801,2025-03-01,train
C01802,2025-03-01,train
C01803,2025-03-01,train
C01804,2025-03-01,train
C01805,2025-03-01,train
C01806,2025-03-01,train
C01807,2025-03-01,train
C01808,2025-03-01,train
C01809,2025-03-01,train
C01810,2025-03-01,train
C01811,2025-03-01,train
C01812,2025-03-01,train
C01813,2025-03-01,train
C01814,2025-03-01,train
C01815,2025-03-01,train
C01816,2025-03-01,train
C01817,2025-03-01,train
C01818,2025-03-01,train
C01819,2025-03-01,train
C01820,2025-03-01,train
C01821,2025-03-01,train
C01822,2025-03-01,train
C01823,2025-03-01,train
C01824,2025-03-01,train
C01825,2025-03-01,train
C01826,2025-03-01,train
C01827,2025-03-01,train
C01828,2025-03-01,train
C01829,2025-03-01,train
C01830,2025-03-01,train
C01831,2025-03-01,train
C01832,2025-03-01,train
C01833,2025-03-01,train
C01834,2025-03-01,train
C01835,2025-03-01,train
C01836,2025-03-01,train
C01837,2025-03-01,train
C01838,2025-03-01,train
C01839,2025-03-01,train
C01840,2025-03-01,train
C01841,2025-03-01,train
C01842,2025-03-01,train
C01843,2025-03-01,train
C01844,2025-03-01,train
C01845,2025-03-01,train
C01846,2025-03-01,train
C01847,2025-03-01,train
C01848,2025-03-01,train
C01849,2025-03-01,train
C01850,2025-03-01,train
C01851,2025-03-01,train
C01852,2025-03-01,train
C01853,2025-03-01,train
C01854,2025-03-01,train
C01855,2025-03-01,train
C01856,2025-03-01,train
C01857,2025-03-01,train
C01858,2025-03-01,train
C01859,2025-03-01,train
C01860,2025-03-01,train
C01861,2025-03-01,train
C01862,2025-03-01,train
C01863,2025-03-01,train
C01864,2025-03-01,train
C01865,2025-03-01,train
C01866,2025-03-01,train
C01867,2025-03-01,train
C01868,2025-03-01,train
C01869,2025-03-01,train
C01870,2025-03-01,train
C01871,2025-03-01,train
C01872,2025-03-01,train
C01873,2025-03-01,train
C01874,2025-03-01,train
C01875,2025-03-01,train
C01876,2025-03-01,train
C01877,2025-03-01,train
C01878,2025-03-01,train
C01879,2025-03-01,train
C01880,2025-03-01,train
C01881,2025-03-01,train
C01882,2025-03-01,train
C01883,2025-03-01,train
C01884,2025-03-01,train
C01885,2025-03-01,train
C01886,2025-03-01,train
C01887,2025-03-01,train
C01888,2025-03-01,train
C01889,2025-03-01,train
C01890,2025-03-01,train
C01891,2025-03-01,train
C01892,2025-03-01,train
C01893,2025-03-01,train
C01894,2025-03-01,train
C01895,2025-03-01,train
C01896,2025-03-01,train
C01897,2025-03-01,train
C01898,2025-03-01,train
C01899,2025-03-01,train
C01900,2025-03-01,train
C01901,2025-03-01,train
C01902,2025-03-01,train
C01903,2025-03-01,train
C01904,2025-03-01,train
C01905,2025-03-01,train
C01906,2025-03-01,train
C01907,2025-03-01,train
C01908,2025-03-01,train
C01909,2025-03-01,train
C01910,2025-03-01,train
C01911,2025-03-01,train
C01912,2025-03-01,train
C01913,2025-03-01,train
C01914,2025-03-01,train
C01915,2025-03-01,train
C01916,2025-03-01,train
C01917,2025-03-01,train
C01918,2025-03-01,train
C01919,2025-03-01,train
C01920,2025-03-01,train
C01921,2025-03-01,train
C01922,2025-03-01,train
C01923,2025-03-01,train
C01924,2025-03-01,train
C01925,2025-03-01,train
C01926,2025-03-01,train
C01927,2025-03-01,train
C01928,2025-03-01,train
C01929,2025-03-01,train
C01930,2025-03-01,train
C01931,2025-03-01,train
C01932,2025-03-01,train
C01933,2025-03-01,train
C01934,2025-03-01,train
C01935,2025-03-01,train
C01936,2025-03-01,train
C01937,2025-03-01,train
C01938,2025-03-01,train
C01939,2025-03-01,train
C01940,2025-03-01,train
C01941,2025-03-01,train
C01942,2025-03-01,train
C01943,2025-03-01,train
C01944,2025-03-01,train
C01945,2025-03-01,train
C01946,2025-03-01,train
C01947,2025-03-01,train
C01948,2025-03-01,train
C01949,2025-03-01,train
C01950,2025-03-01,train
C01951,2025-03-01,train
C01952,2025-03-01,train
C01953,2025-03-01,train
C01954,2025-03-01,train
C01955,2025-03-01,train
C01956,2025-03-01,train
C01957,2025-03-01,train
C01958,2025-03-01,train
C01959,2025-03-01,train
C01960,2025-03-01,train
C01961,2025-03-01,train
C01962,2025-03-01,train
C01963,2025-03-01,train
C01964,2025-03-01,train
C01965,2025-03-01,train
C01966,2025-03-01,train
C01967,2025-03-01,train
C01968,2025-03-01,train
C01969,2025-03-01,train
C01970,2025-03-01,train
C01971,2025-03-01,train
C01972,2025-03-01,train
C01973,2025-03-01,train
C01974,2025-03-01,train
C01975,2025-03-01,train
C01976,2025-03-01,train
C01977,2025-03-01,train
C01978,2025-03-01,train
C01979,2025-03-01,train
C01980,2025-03-01,train
C01981,2025-03-01,train
C01982,2025-03-01,train
C01983,2025-03-01,train
C01984,2025-03-01,train
C01985,2025-03-01,train
C01986,2025-03-01,train
C01987,2025-03-01,train
C01988,2025-03-01,train
C01989,2025-03-01,train
C01990,2025-03-01,train
C01991,2025-03-01,train
C01992,2025-03-01,train
C01993,2025-03-01,train
C01994,2025-03-01,train
C01995,2025-03-01,train
C01996,2025-03-01,train
C01997,2025-03-01,train
C01998,2025-03-01,train
C01999,2025-03-01,train
C02000,2025-03-01,train
C02001,2025-03-01,train
C02002,2025-03-01,train
C02003,2025-03-01,train
C02004,2025-03-01,train
C02005,2025-03-01,train
C02006,2025-03-01,train
C02007,2025-03-01,train
C02008,2025-03-01,train
C02009,2025-03-01,train
C02010,2025-03-01,train
C02011,2025-03-01,train
C02012,2025-03-01,train
C02013,2025-03-01,train
C02014,2025-03-01,train
C02015,2025-03-01,train
C02016,2025-03-01,train
C02017,2025-03-01,train
C02018,2025-03-01,train
C02019,2025-03-01,train
C02020,2025-03-01,train
C02021,2025-03-01,train
C02022,2025-03-01,train
C02023,2025-03-01,train
C02024,2025-03-01,train
C02025,2025-03-01,train
C02026,2025-03-01,train
C02027,2025-03-01,train
C02028,2025-03-01,train
C02029,2025-03-01,train
C02030,2025-03-01,train
C02031,2025-03-01,train
C02032,2025-03-01,train
C02033,2025-03-01,train
C02034,2025-03-01,train
C02035,2025-03-01,train
C02036,2025-03-01,train
C02037,2025-03-01,train
C02038,2025-03-01,train
C02039,2025-03-01,train
C02040,2025-03-01,train
C02041,2025-03-01,train
C02042,2025-03-01,train
C02043,2025-03-01,train
C02044,2025-03-01,train
C02045,2025-03-01,train
C02046,2025-03-01,train
C02047,2025-03-01,train
C02048,2025-03-01,train
C02049,2025-03-01,train
C02050,2025-03-01,train
C02051,2025-03-01,train
C02052,2025-03-01,train
C02053,2025-03-01,train
C02054,2025-03-01,train
C02055,2025-03-01,train
C02056,2025-03-01,train
C02057,2025-03-01,train
C02058,2025-03-01,train
C02059,2025-03-01,train
C02060,2025-03-01,train
C02061,2025-03-01,train
C02062,2025-03-01,train
C02063,2025-03-01,train
C02064,2025-03-01,train
C02065,2025-03-01,train
C02066,2025-03-01,train
C02067,2025-03-01,train
C02068,2025-03-01,train
C02069,2025-03-01,train
C02070,2025-03-01,train
C02071,2025-03-01,train
C02072,2025-03-01,train
C02073,2025-03-01,train
C02074,2025-03-01,train
C02075,2025-03-01,train
C02076,2025-03-01,train
C02077,2025-03-01,train
C02078,2025-03-01,train
C02079,2025-03-01,train
C02080,2025-03-01,train
C02081,2025-03-01,train
C02082,2025-03-01,train
C02083,2025-03-01,train
C02084,2025-03-01,train
C02085,2025-03-01,train
C02086,2025-03-01,train
C02087,2025-03-01,train
C02088,2025-03-01,train
C02089,2025-03-01,train
C02090,2025-03-01,train
C02091,2025-03-01,train
C02092,2025-03-01,train
C02093,2025-03-01,train
C02094,2025-03-01,train
C02095,2025-03-01,train
C02096,2025-03-01,train
C02097,2025-03-01,train
C02098,2025-03-01,train
C02099,2025-03-01,train
C02100,2025-03-01,train
C02101,2025-03-01,train
C02102,2025-03-01,train
C02103,2025-03-01,train
C02104,2025-03-01,train
C02105,2025-03-01,train
C02106,2025-03-01,train
C02107,2025-03-01,train
C02108,2025-03-01,train
C02109,2025-03-01,train
C02110,2025-03-01,train
C02111,2025-03-01,train
C02112,2025-03-01,train
C02113,2025-03-01,train
C02114,2025-03-01,train
C02115,2025-03-01,train
C02116,2025-03-01,train
C02117,2025-03-01,train
C02118,2025-03-01,train
C02119,2025-03-01,train
C02120,2025-03-01,train
C02121,2025-03-01,train
C02122,2025-03-01,train
C02123,2025-03-01,train
C02124,2025-03-01,train
C02125,2025-03-01,train
C02126,2025-03-01,train
C02127,2025-03-01,train
C02128,2025-03-01,train
C02129,2025-03-01,train
C02130,2025-03-01,train
C02131,2025-03-01,train
C02132,2025-03-01,train
C02133,2025-03-01,train
C02134,2025-03-01,train
C02135,2025-03-01,train
C02136,2025-03-01,train
C02137,2025-03-01,train
C02138,2025-03-01,train
C02139,2025-03-01,train
C02140,2025-03-01,train
C02141,2025-03-01,train
C02142,2025-03-01,train
C02143,2025-03-01,train
C02144,2025-03-01,train
C02145,2025-03-01,train
C02146,2025-03-01,train
C02147,2025-03-01,train
C02148,2025-03-01,train
C02149,2025-03-01,train
C02150,2025-03-01,train
C02151,2025-03-01,train
C02152,2025-03-01,train
C02153,2025-03-01,train
C02154,2025-03-01,train
C02155,2025-03-01,train
C02156,2025-03-01,train
C02157,2025-03-01,train
C02158,2025-03-01,train
C02159,2025-03-01,train
C02160,2025-03-01,train
C02161,2025-03-01,train
C02162,2025-03-01,train
C02163,2025-03-01,train
C02164,2025-03-01,train
C02165,2025-03-01,train
C02166,2025-03-01,train
C02167,2025-03-01,train
C02168,2025-03-01,train
C02169,2025-03-01,train
C02170,2025-03-01,train
C02171,2025-03-01,train
C02172,2025-03-01,train
C02173,2025-03-01,train
C02174,2025-03-01,train
C02175,2025-03-01,train
C02176,2025-03-01,train
C02177,2025-03-01,train
C02178,2025-03-01,train
C02179,2025-03-01,train
C02180,2025-03-01,train
C02181,2025-03-01,train
C02182,2025-03-01,train
C02183,2025-03-01,train
C02184,2025-03-01,train
C02185,2025-03-01,train
C02186,2025-03-01,train
C02187,2025-03-01,train
C02188,2025-03-01,train
C02189,2025-03-01,train
C02190,2025-03-01,train
C02191,2025-03-01,train
C02192,2025-03-01,train
C02193,2025-03-01,train
C02194,2025-03-01,train
C02195,2025-03-01,train
C02196,2025-03-01,train
C02197,2025-03-01,train
C02198,2025-03-01,train
C02199,2025-03-01,train
C02200,2025-05-01,train
C02201,2025-05-01,train
C02202,2025-05-01,train
C02203,2025-05-01,train
C02204,2025-05-01,train
C02205,2025-05-01,train
C02206,2025-05-01,train
C02207,2025-05-01,train
C02208,2025-05-01,train
C02209,2025-05-01,train
C02210,2025-05-01,train
C02211,2025-05-01,train
C02212,2025-05-01,train
C02213,2025-05-01,train
C02214,2025-05-01,train
C02215,2025-05-01,train
C02216,2025-05-01,train
C02217,2025-05-01,train
C02218,2025-05-01,train
C02219,2025-05-01,train
C02220,2025-05-01,train
C02221,2025-05-01,train
C02222,2025-05-01,train
C02223,2025-05-01,train
C02224,2025-05-01,train
C02225,2025-05-01,train
C02226,2025-05-01,train
C02227,2025-05-01,train
C02228,2025-05-01,train
C02229,2025-05-01,train
C02230,2025-05-01,train
C02231,2025-05-01,train
C02232,2025-05-01,train
C02233,2025-05-01,train
C02234,2025-05-01,train
C02235,2025-05-01,train
C02236,2025-05-01,train
C02237,2025-05-01,train
C02238,2025-05-01,train
C02239,2025-05-01,train
C02240,2025-05-01,train
C02241,2025-05-01,train
C02242,2025-05-01,train
C02243,2025-05-01,train
C02244,2025-05-01,train
C02245,2025-05-01,train
C02246,2025-05-01,train
C02247,2025-05-01,train
C02248,2025-05-01,train
C02249,2025-05-01,train
C02250,2025-05-01,train
C02251,2025-05-01,train
C02252,2025-05-01,train
C02253,2025-05-01,train
C02254,2025-05-01,train
C02255,2025-05-01,train
C02256,2025-05-01,train
C02257,2025-05-01,train
C02258,2025-05-01,train
C02259,2025-05-01,train
C02260,2025-05-01,train
C02261,2025-05-01,train
C02262,2025-05-01,train
C02263,2025-05-01,train
C02264,2025-05-01,train
C02265,2025-05-01,train
C02266,2025-05-01,train
C02267,2025-05-01,train
C02268,2025-05-01,train
C02269,2025-05-01,train
C02270,2025-05-01,train
C02271,2025-05-01,train
C02272,2025-05-01,train
C02273,2025-05-01,train
C02274,2025-05-01,train
C02275,2025-05-01,train
C02276,2025-05-01,train
C02277,2025-05-01,train
C02278,2025-05-01,train
C02279,2025-05-01,train
C02280,2025-05-01,train
C02281,2025-05-01,train
C02282,2025-05-01,train
C02283,2025-05-01,train
C02284,2025-05-01,train
C02285,2025-05-01,train
C02286,2025-05-01,train
C02287,2025-05-01,train
C02288,2025-05-01,train
C02289,2025-05-01,train
C02290,2025-05-01,train
C02291,2025-05-01,train
C02292,2025-05-01,train
C02293,2025-05-01,train
C02294,2025-05-01,train
C02295,2025-05-01,train
C02296,2025-05-01,train
C02297,2025-05-01,train
C02298,2025-05-01,train
C02299,2025-05-01,train
C02300,2025-05-01,train
C02301,2025-05-01,train
C02302,2025-05-01,train
C02303,2025-05-01,train
C02304,2025-05-01,train
C02305,2025-05-01,train
C02306,2025-05-01,train
C02307,2025-05-01,train
C02308,2025-05-01,train
C02309,2025-05-01,train
C02310,2025-05-01,train
C02311,2025-05-01,train
C02312,2025-05-01,train
C02313,2025-05-01,train
C02314,2025-05-01,train
C02315,2025-05-01,train
C02316,2025-05-01,train
C02317,2025-05-01,train
C02318,2025-05-01,train
C02319,2025-05-01,train
C02320,2025-05-01,train
C02321,2025-05-01,train
C02322,2025-05-01,train
C02323,2025-05-01,train
C02324,2025-05-01,train
C02325,2025-05-01,train
C02326,2025-05-01,train
C02327,2025-05-01,train
C02328,2025-05-01,train
C02329,2025-05-01,train
C02330,2025-05-01,train
C02331,2025-05-01,train
C02332,2025-05-01,train
C02333,2025-05-01,train
C02334,2025-05-01,train
C02335,2025-05-01,train
C02336,2025-05-01,train
C02337,2025-05-01,train
C02338,2025-05-01,train
C02339,2025-05-01,train
C02340,2025-05-01,train
C02341,2025-05-01,train
C02342,2025-05-01,train
C02343,2025-05-01,train
C02344,2025-05-01,train
C02345,2025-05-01,train
C02346,2025-05-01,train
C02347,2025-05-01,train
C02348,2025-05-01,train
C02349,2025-05-01,train
C02350,2025-05-01,train
C02351,2025-05-01,train
C02352,2025-05-01,train
C02353,2025-05-01,train
C02354,2025-05-01,train
C02355,2025-05-01,train
C02356,2025-05-01,train
C02357,2025-05-01,train
C02358,2025-05-01,train
C02359,2025-05-01,train
C02360,2025-05-01,train
C02361,2025-05-01,train
C02362,2025-05-01,train
C02363,2025-05-01,train
C02364,2025-05-01,train
C02365,2025-05-01,train
C02366,2025-05-01,train
C02367,2025-05-01,train
C02368,2025-05-01,train
C02369,2025-05-01,train
C02370,2025-05-01,train
C02371,2025-05-01,train
C02372,2025-05-01,train
C02373,2025-05-01,train
C02374,2025-05-01,train
C02375,2025-05-01,train
C02376,2025-05-01,train
C02377,2025-05-01,train
C02378,2025-05-01,train
C02379,2025-05-01,train
C02380,2025-05-01,train
C02381,2025-05-01,train
C02382,2025-05-01,train
C02383,2025-05-01,train
C02384,2025-05-01,train
C02385,2025-05-01,train
C02386,2025-05-01,train
C02387,2025-05-01,train
C02388,2025-05-01,train
C02389,2025-05-01,train
C02390,2025-05-01,train
C02391,2025-05-01,train
C02392,2025-05-01,train
C02393,2025-05-01,train
C02394,2025-05-01,train
C02395,2025-05-01,train
C02396,2025-05-01,train
C02397,2025-05-01,train
C02398,2025-05-01,train
C02399,2025-05-01,train
C02400,2025-05-01,train
C02401,2025-05-01,train
C02402,2025-05-01,train
C02403,2025-05-01,train
C02404,2025-05-01,train
C02405,2025-05-01,train
C02406,2025-05-01,train
C02407,2025-05-01,train
C02408,2025-05-01,train
C02409,2025-05-01,train
C02410,2025-05-01,train
C02411,2025-05-01,train
C02412,2025-05-01,train
C02413,2025-05-01,train
C02414,2025-05-01,train
C02415,2025-05-01,train
C02416,2025-05-01,train
C02417,2025-05-01,train
C02418,2025-05-01,train
C02419,2025-05-01,train
C02420,2025-05-01,train
C02421,2025-05-01,train
C02422,2025-05-01,train
C02423,2025-05-01,train
C02424,2025-05-01,train
C02425,2025-05-01,train
C02426,2025-05-01,train
C02427,2025-05-01,train
C02428,2025-05-01,train
C02429,2025-05-01,train
C02430,2025-05-01,train
C02431,2025-05-01,train
C02432,2025-05-01,train
C02433,2025-05-01,train
C02434,2025-05-01,train
C02435,2025-05-01,train
C02436,2025-05-01,train
C02437,2025-05-01,train
C02438,2025-05-01,train
C02439,2025-05-01,train
C02440,2025-05-01,train
C02441,2025-05-01,train
C02442,2025-05-01,train
C02443,2025-05-01,train
C02444,2025-05-01,train
C02445,2025-05-01,train
C02446,2025-05-01,train
C02447,2025-05-01,train
C02448,2025-05-01,train
C02449,2025-05-01,train
C02450,2025-05-01,train
C02451,2025-05-01,train
C02452,2025-05-01,train
C02453,2025-05-01,train
C02454,2025-05-01,train
C02455,2025-05-01,train
C02456,2025-05-01,train
C02457,2025-05-01,train
C02458,2025-05-01,train
C02459,2025-05-01,train
C02460,2025-05-01,train
C02461,2025-05-01,train
C02462,2025-05-01,train
C02463,2025-05-01,train
C02464,2025-05-01,train
C02465,2025-05-01,train
C02466,2025-05-01,train
C02467,2025-05-01,train
C02468,2025-05-01,train
C02469,2025-05-01,train
C02470,2025-05-01,train
C02471,2025-05-01,train
C02472,2025-05-01,train
C02473,2025-05-01,train
C02474,2025-05-01,train
C02475,2025-05-01,train
C02476,2025-05-01,train
C02477,2025-05-01,train
C02478,2025-05-01,train
C02479,2025-05-01,train
C02480,2025-05-01,train
C02481,2025-05-01,train
C02482,2025-05-01,train
C02483,2025-05-01,train
C02484,2025-05-01,train
C02485,2025-05-01,train
C02486,2025-05-01,train
C02487,2025-05-01,train
C02488,2025-05-01,train
C02489,2025-05-01,train
C02490,2025-05-01,train
C02491,2025-05-01,train
C02492,2025-05-01,train
C02493,2025-05-01,train
C02494,2025-05-01,train
C02495,2025-05-01,train
C02496,2025-05-01,train
C02497,2025-05-01,train
C02498,2025-05-01,train
C02499,2025-05-01,train
C02500,2025-05-01,train
C02501,2025-05-01,train
C02502,2025-05-01,train
C02503,2025-05-01,train
C02504,2025-05-01,train
C02505,2025-05-01,train
C02506,2025-05-01,train
C02507,2025-05-01,train
C02508,2025-05-01,train
C02509,2025-05-01,train
C02510,2025-05-01,train
C02511,2025-05-01,train
C02512,2025-05-01,train
C02513,2025-05-01,train
C02514,2025-05-01,train
C02515,2025-05-01,train
C02516,2025-05-01,train
C02517,2025-05-01,train
C02518,2025-05-01,train
C02519,2025-05-01,train
C02520,2025-05-01,train
C02521,2025-05-01,train
C02522,2025-05-01,train
C02523,2025-05-01,train
C02524,2025-05-01,train
C02525,2025-05-01,train
C02526,2025-05-01,train
C02527,2025-05-01,train
C02528,2025-05-01,train
C02529,2025-05-01,train
C02530,2025-05-01,train
C02531,2025-05-01,train
C02532,2025-05-01,train
C02533,2025-05-01,train
C02534,2025-05-01,train
C02535,2025-05-01,train
C02536,2025-05-01,train
C02537,2025-05-01,train
C02538,2025-05-01,train
C02539,2025-05-01,train
C02540,2025-05-01,train
C02541,2025-05-01,train
C02542,2025-05-01,train
C02543,2025-05-01,train
C02544,2025-05-01,train
C02545,2025-05-01,train
C02546,2025-05-01,train
C02547,2025-05-01,train
C02548,2025-05-01,train
C02549,2025-05-01,train
C02550,2025-05-01,train
C02551,2025-05-01,train
C02552,2025-05-01,train
C02553,2025-05-01,train
C02554,2025-05-01,train
C02555,2025-05-01,train
C02556,2025-05-01,train
C02557,2025-05-01,train
C02558,2025-05-01,train
C02559,2025-05-01,train
C02560,2025-05-01,train
C02561,2025-05-01,train
C02562,2025-05-01,train
C02563,2025-05-01,train
C02564,2025-05-01,train
C02565,2025-05-01,train
C02566,2025-05-01,train
C02567,2025-05-01,train
C02568,2025-05-01,train
C02569,2025-05-01,train
C02570,2025-05-01,train
C02571,2025-05-01,train
C02572,2025-05-01,train
C02573,2025-05-01,train
C02574,2025-05-01,train
C02575,2025-05-01,train
C02576,2025-05-01,train
C02577,2025-05-01,train
C02578,2025-05-01,train
C02579,2025-05-01,train
C02580,2025-05-01,train
C02581,2025-05-01,train
C02582,2025-05-01,train
C02583,2025-05-01,train
C02584,2025-05-01,train
C02585,2025-05-01,train
C02586,2025-05-01,train
C02587,2025-05-01,train
C02588,2025-05-01,train
C02589,2025-05-01,train
C02590,2025-05-01,train
C02591,2025-05-01,train
C02592,2025-05-01,train
C02593,2025-05-01,train
C02594,2025-05-01,train
C02595,2025-05-01,train
C02596,2025-05-01,train
C02597,2025-05-01,train
C02598,2025-05-01,train
C02599,2025-05-01,train
C02600,2025-05-01,train
C02601,2025-05-01,train
C02602,2025-05-01,train
C02603,2025-05-01,train
C02604,2025-05-01,train
C02605,2025-05-01,train
C02606,2025-05-01,train
C02607,2025-05-01,train
C02608,2025-05-01,train
C02609,2025-05-01,train
C02610,2025-05-01,train
C02611,2025-05-01,train
C02612,2025-05-01,train
C02613,2025-05-01,train
C02614,2025-05-01,train
C02615,2025-05-01,train
C02616,2025-05-01,train
C02617,2025-05-01,train
C02618,2025-05-01,train
C02619,2025-05-01,train
C02620,2025-05-01,train
C02621,2025-05-01,train
C02622,2025-05-01,train
C02623,2025-05-01,train
C02624,2025-05-01,train
C02625,2025-05-01,train
C02626,2025-05-01,train
C02627,2025-05-01,train
C02628,2025-05-01,train
C02629,2025-05-01,train
C02630,2025-05-01,train
C02631,2025-05-01,train
C02632,2025-05-01,train
C02633,2025-05-01,train
C02634,2025-05-01,train
C02635,2025-05-01,train
C02636,2025-05-01,train
C02637,2025-05-01,train
C02638,2025-05-01,train
C02639,2025-05-01,train
C02640,2025-05-01,train
C02641,2025-05-01,train
C02642,2025-05-01,train
C02643,2025-05-01,train
C02644,2025-05-01,train
C02645,2025-05-01,train
C02646,2025-05-01,train
C02647,2025-05-01,train
C02648,2025-05-01,train
C02649,2025-05-01,train
C02650,2025-05-01,train
C02651,2025-05-01,train
C02652,2025-05-01,train
C02653,2025-05-01,train
C02654,2025-05-01,train
C02655,2025-05-01,train
C02656,2025-05-01,train
C02657,2025-05-01,train
C02658,2025-05-01,train
C02659,2025-05-01,train
C02660,2025-05-01,train
C02661,2025-05-01,train
C02662,2025-05-01,train
C02663,2025-05-01,train
C02664,2025-05-01,train
C02665,2025-05-01,train
C02666,2025-05-01,train
C02667,2025-05-01,train
C02668,2025-05-01,train
C02669,2025-05-01,train
C02670,2025-05-01,train
C02671,2025-05-01,train
C02672,2025-05-01,train
C02673,2025-05-01,train
C02674,2025-05-01,train
C02675,2025-05-01,train
C02676,2025-05-01,train
C02677,2025-05-01,train
C02678,2025-05-01,train
C02679,2025-05-01,train
C02680,2025-05-01,train
C02681,2025-05-01,train
C02682,2025-05-01,train
C02683,2025-05-01,train
C02684,2025-05-01,train
C02685,2025-05-01,train
C02686,2025-05-01,train
C02687,2025-05-01,train
C02688,2025-05-01,train
C02689,2025-05-01,train
C02690,2025-05-01,train
C02691,2025-05-01,train
C02692,2025-05-01,train
C02693,2025-05-01,train
C02694,2025-05-01,train
C02695,2025-05-01,train
C02696,2025-05-01,train
C02697,2025-05-01,train
C02698,2025-05-01,train
C02699,2025-05-01,train
C02700,2025-05-01,train
C02701,2025-05-01,train
C02702,2025-05-01,train
C02703,2025-05-01,train
C02704,2025-05-01,train
C02705,2025-05-01,train
C02706,2025-05-01,train
C02707,2025-05-01,train
C02708,2025-05-01,train
C02709,2025-05-01,train
C02710,2025-05-01,train
C02711,2025-05-01,train
C02712,2025-05-01,train
C02713,2025-05-01,train
C02714,2025-05-01,train
C02715,2025-05-01,train
C02716,2025-05-01,train
C02717,2025-05-01,train
C02718,2025-05-01,train
C02719,2025-05-01,train
C02720,2025-05-01,train
C02721,2025-05-01,train
C02722,2025-05-01,train
C02723,2025-05-01,train
C02724,2025-05-01,train
C02725,2025-05-01,train
C02726,2025-05-01,train
C02727,2025-05-01,train
C02728,2025-05-01,train
C02729,2025-05-01,train
C02730,2025-05-01,train
C02731,2025-05-01,train
C02732,2025-05-01,train
C02733,2025-05-01,train
C02734,2025-05-01,train
C02735,2025-05-01,train
C02736,2025-05-01,train
C02737,2025-05-01,train
C02738,2025-05-01,train
C02739,2025-05-01,train
C02740,2025-05-01,train
C02741,2025-05-01,train
C02742,2025-05-01,train
C02743,2025-05-01,train
C02744,2025-05-01,train
C02745,2025-05-01,train
C02746,2025-05-01,train
C02747,2025-05-01,train
C02748,2025-05-01,train
C02749,2025-05-01,train
C02750,2025-05-01,train
C02751,2025-05-01,train
C02752,2025-05-01,train
C02753,2025-05-01,train
C02754,2025-05-01,train
C02755,2025-05-01,train
C02756,2025-05-01,train
C02757,2025-05-01,train
C02758,2025-05-01,train
C02759,2025-05-01,train
C02760,2025-05-01,train
C02761,2025-05-01,train
C02762,2025-05-01,train
C02763,2025-05-01,train
C02764,2025-05-01,train
C02765,2025-05-01,train
C02766,2025-05-01,train
C02767,2025-05-01,train
C02768,2025-05-01,train
C02769,2025-05-01,train
C02770,2025-05-01,train
C02771,2025-05-01,train
C02772,2025-05-01,train
C02773,2025-05-01,train
C02774,2025-05-01,train
C02775,2025-05-01,train
C02776,2025-05-01,train
C02777,2025-05-01,train
C02778,2025-05-01,train
C02779,2025-05-01,train
C02780,2025-05-01,train
C02781,2025-05-01,train
C02782,2025-05-01,train
C02783,2025-05-01,train
C02784,2025-05-01,train
C02785,2025-05-01,train
C02786,2025-05-01,train
C02787,2025-05-01,train
C02788,2025-05-01,train
C02789,2025-05-01,train
C02790,2025-05-01,train
C02791,2025-05-01,train
C02792,2025-05-01,train
C02793,2025-05-01,train
C02794,2025-05-01,train
C02795,2025-05-01,train
C02796,2025-05-01,train
C02797,2025-05-01,train
C02798,2025-05-01,train
C02799,2025-05-01,train
C02800,2025-05-01,train
C02801,2025-05-01,train
C02802,2025-05-01,train
C02803,2025-05-01,train
C02804,2025-05-01,train
C02805,2025-05-01,train
C02806,2025-05-01,train
C02807,2025-05-01,train
C02808,2025-05-01,train
C02809,2025-05-01,train
C02810,2025-05-01,train
C02811,2025-05-01,train
C02812,2025-05-01,train
C02813,2025-05-01,train
C02814,2025-05-01,train
C02815,2025-05-01,train
C02816,2025-05-01,train
C02817,2025-05-01,train
C02818,2025-05-01,train
C02819,2025-05-01,train
C02820,2025-05-01,train
C02821,2025-05-01,train
C02822,2025-05-01,train
C02823,2025-05-01,train
C02824,2025-05-01,train
C02825,2025-05-01,train
C02826,2025-05-01,train
C02827,2025-05-01,train
C02828,2025-05-01,train
C02829,2025-05-01,train
C02830,2025-05-01,train
C02831,2025-05-01,train
C02832,2025-05-01,train
C02833,2025-05-01,train
C02834,2025-05-01,train
C02835,2025-05-01,train
C02836,2025-05-01,train
C02837,2025-05-01,train
C02838,2025-05-01,train
C02839,2025-05-01,train
C02840,2025-05-01,train
C02841,2025-05-01,train
C02842,2025-05-01,train
C02843,2025-05-01,train
C02844,2025-05-01,train
C02845,2025-05-01,train
C02846,2025-05-01,train
C02847,2025-05-01,train
C02848,2025-05-01,train
C02849,2025-05-01,train
C02850,2025-05-01,train
C02851,2025-05-01,train
C02852,2025-05-01,train
C02853,2025-05-01,train
C02854,2025-05-01,train
C02855,2025-05-01,train
C02856,2025-05-01,train
C02857,2025-05-01,train
C02858,2025-05-01,train
C02859,2025-05-01,train
C02860,2025-05-01,train
C02861,2025-05-01,train
C02862,2025-05-01,train
C02863,2025-05-01,train
C02864,2025-05-01,train
C02865,2025-05-01,train
C02866,2025-05-01,train
C02867,2025-05-01,train
C02868,2025-05-01,train
C02869,2025-05-01,train
C02870,2025-05-01,train
C02871,2025-05-01,train
C02872,2025-05-01,train
C02873,2025-05-01,train
C02874,2025-05-01,train
C02875,2025-05-01,train
C02876,2025-05-01,train
C02877,2025-05-01,train
C02878,2025-05-01,train
C02879,2025-05-01,train
C02880,2025-05-01,train
C02881,2025-05-01,train
C02882,2025-05-01,train
C02883,2025-05-01,train
C02884,2025-05-01,train
C02885,2025-05-01,train
C02886,2025-05-01,train
C02887,2025-05-01,train
C02888,2025-05-01,train
C02889,2025-05-01,train
C02890,2025-05-01,train
C02891,2025-05-01,train
C02892,2025-05-01,train
C02893,2025-05-01,train
C02894,2025-05-01,train
C02895,2025-05-01,train
C02896,2025-05-01,train
C02897,2025-05-01,train
C02898,2025-05-01,train
C02899,2025-05-01,train
C02900,2025-05-01,train
C02901,2025-05-01,train
C02902,2025-05-01,train
C02903,2025-05-01,train
C02904,2025-05-01,train
C02905,2025-05-01,train
C02906,2025-05-01,train
C02907,2025-05-01,train
C02908,2025-05-01,train
C02909,2025-05-01,train
C02910,2025-05-01,train
C02911,2025-05-01,train
C02912,2025-05-01,train
C02913,2025-05-01,train
C02914,2025-05-01,train
C02915,2025-05-01,train
C02916,2025-05-01,train
C02917,2025-05-01,train
C02918,2025-05-01,train
C02919,2025-05-01,train
C02920,2025-05-01,train
C02921,2025-05-01,train
C02922,2025-05-01,train
C02923,2025-05-01,train
C02924,2025-05-01,train
C02925,2025-05-01,train
C02926,2025-05-01,train
C02927,2025-05-01,train
C02928,2025-05-01,train
C02929,2025-05-01,train
C02930,2025-05-01,train
C02931,2025-05-01,train
C02932,2025-05-01,train
C02933,2025-05-01,train
C02934,2025-05-01,train
C02935,2025-05-01,train
C02936,2025-05-01,train
C02937,2025-05-01,train
C02938,2025-05-01,train
C02939,2025-05-01,train
C02940,2025-05-01,train
C02941,2025-05-01,train
C02942,2025-05-01,train
C02943,2025-05-01,train
C02944,2025-05-01,train
C02945,2025-05-01,train
C02946,2025-05-01,train
C02947,2025-05-01,train
C02948,2025-05-01,train
C02949,2025-05-01,train
C02950,2025-05-01,train
C02951,2025-05-01,train
C02952,2025-05-01,train
C02953,2025-05-01,train
C02954,2025-05-01,train
C02955,2025-05-01,train
C02956,2025-05-01,train
C02957,2025-05-01,train
C02958,2025-05-01,train
C02959,2025-05-01,train
C02960,2025-05-01,train
C02961,2025-05-01,train
C02962,2025-05-01,train
C02963,2025-05-01,train
C02964,2025-05-01,train
C02965,2025-05-01,train
C02966,2025-05-01,train
C02967,2025-05-01,train
C02968,2025-05-01,train
C02969,2025-05-01,train
C02970,2025-05-01,train
C02971,2025-05-01,train
C02972,2025-05-01,train
C02973,2025-05-01,train
C02974,2025-05-01,train
C02975,2025-05-01,train
C02976,2025-05-01,train
C02977,2025-05-01,train
C02978,2025-05-01,train
C02979,2025-05-01,train
C02980,2025-05-01,train
C02981,2025-05-01,train
C02982,2025-05-01,train
C02983,2025-05-01,train
C02984,2025-05-01,train
C02985,2025-05-01,train
C02986,2025-05-01,train
C02987,2025-05-01,train
C02988,2025-05-01,train
C02989,2025-05-01,train
C02990,2025-05-01,train
C02991,2025-05-01,train
C02992,2025-05-01,train
C02993,2025-05-01,train
C02994,2025-05-01,train
C02995,2025-05-01,train
C02996,2025-05-01,train
C02997,2025-05-01,train
C02998,2025-05-01,train
C02999,2025-05-01,train
C03000,2025-05-01,train
C03001,2025-05-01,train
C03002,2025-05-01,train
C03003,2025-05-01,train
C03004,2025-05-01,train
C03005,2025-05-01,train
C03006,2025-05-01,train
C03007,2025-05-01,train
C03008,2025-05-01,train
C03009,2025-05-01,train
C03010,2025-05-01,train
C03011,2025-05-01,train
C03012,2025-05-01,train
C03013,2025-05-01,train
C03014,2025-05-01,train
C03015,2025-05-01,train
C03016,2025-05-01,train
C03017,2025-05-01,train
C03018,2025-05-01,train
C03019,2025-05-01,train
C03020,2025-05-01,train
C03021,2025-05-01,train
C03022,2025-05-01,train
C03023,2025-05-01,train
C03024,2025-05-01,train
C03025,2025-05-01,train
C03026,2025-05-01,train
C03027,2025-05-01,train
C03028,2025-05-01,train
C03029,2025-05-01,train
C03030,2025-05-01,train
C03031,2025-05-01,train
C03032,2025-05-01,train
C03033,2025-05-01,train
C03034,2025-05-01,train
C03035,2025-05-01,train
C03036,2025-05-01,train
C03037,2025-05-01,train
C03038,2025-05-01,train
C03039,2025-05-01,train
C03040,2025-05-01,train
C03041,2025-05-01,train
C03042,2025-05-01,train
C03043,2025-05-01,train
C03044,2025-05-01,train
C03045,2025-05-01,train
C03046,2025-05-01,train
C03047,2025-05-01,train
C03048,2025-05-01,train
C03049,2025-05-01,train
C03050,2025-05-01,train
C03051,2025-05-01,train
C03052,2025-05-01,train
C03053,2025-05-01,train
C03054,2025-05-01,train
C03055,2025-05-01,train
C03056,2025-05-01,train
C03057,2025-05-01,train
C03058,2025-05-01,train
C03059,2025-05-01,train
C03060,2025-05-01,train
C03061,2025-05-01,train
C03062,2025-05-01,train
C03063,2025-05-01,train
C03064,2025-05-01,train
C03065,2025-05-01,train
C03066,2025-05-01,train
C03067,2025-05-01,train
C03068,2025-05-01,train
C03069,2025-05-01,train
C03070,2025-05-01,train
C03071,2025-05-01,train
C03072,2025-05-01,train
C03073,2025-05-01,train
C03074,2025-05-01,train
C03075,2025-05-01,train
C03076,2025-05-01,train
C03077,2025-05-01,train
C03078,2025-05-01,train
C03079,2025-05-01,train
C03080,2025-05-01,train
C03081,2025-05-01,train
C03082,2025-05-01,train
C03083,2025-05-01,train
C03084,2025-05-01,train
C03085,2025-05-01,train
C03086,2025-05-01,train
C03087,2025-05-01,train
C03088,2025-05-01,train
C03089,2025-05-01,train
C03090,2025-05-01,train
C03091,2025-05-01,train
C03092,2025-05-01,train
C03093,2025-05-01,train
C03094,2025-05-01,train
C03095,2025-05-01,train
C03096,2025-05-01,train
C03097,2025-05-01,train
C03098,2025-05-01,train
C03099,2025-05-01,train
C03100,2025-05-01,train
C03101,2025-05-01,train
C03102,2025-05-01,train
C03103,2025-05-01,train
C03104,2025-05-01,train
C03105,2025-05-01,train
C03106,2025-05-01,train
C03107,2025-05-01,train
C03108,2025-05-01,train
C03109,2025-05-01,train
C03110,2025-05-01,train
C03111,2025-05-01,train
C03112,2025-05-01,train
C03113,2025-05-01,train
C03114,2025-05-01,train
C03115,2025-05-01,train
C03116,2025-05-01,train
C03117,2025-05-01,train
C03118,2025-05-01,train
C03119,2025-05-01,train
C03120,2025-05-01,train
C03121,2025-05-01,train
C03122,2025-05-01,train
C03123,2025-05-01,train
C03124,2025-05-01,train
C03125,2025-05-01,train
C03126,2025-05-01,train
C03127,2025-05-01,train
C03128,2025-05-01,train
C03129,2025-05-01,train
C03130,2025-05-01,train
C03131,2025-05-01,train
C03132,2025-05-01,train
C03133,2025-05-01,train
C03134,2025-05-01,train
C03135,2025-05-01,train
C03136,2025-05-01,train
C03137,2025-05-01,train
C03138,2025-05-01,train
C03139,2025-05-01,train
C03140,2025-05-01,train
C03141,2025-05-01,train
C03142,2025-05-01,train
C03143,2025-05-01,train
C03144,2025-05-01,train
C03145,2025-05-01,train
C03146,2025-05-01,train
C03147,2025-05-01,train
C03148,2025-05-01,train
C03149,2025-05-01,train
C03150,2025-05-01,train
C03151,2025-05-01,train
C03152,2025-05-01,train
C03153,2025-05-01,train
C03154,2025-05-01,train
C03155,2025-05-01,train
C03156,2025-05-01,train
C03157,2025-05-01,train
C03158,2025-05-01,train
C03159,2025-05-01,train
C03160,2025-05-01,train
C03161,2025-05-01,train
C03162,2025-05-01,train
C03163,2025-05-01,train
C03164,2025-05-01,train
C03165,2025-05-01,train
C03166,2025-05-01,train
C03167,2025-05-01,train
C03168,2025-05-01,train
C03169,2025-05-01,train
C03170,2025-05-01,train
C03171,2025-05-01,train
C03172,2025-05-01,train
C03173,2025-05-01,train
C03174,2025-05-01,train
C03175,2025-05-01,train
C03176,2025-05-01,train
C03177,2025-05-01,train
C03178,2025-05-01,train
C03179,2025-05-01,train
C03180,2025-05-01,train
C03181,2025-05-01,train
C03182,2025-05-01,train
C03183,2025-05-01,train
C03184,2025-05-01,train
C03185,2025-05-01,train
C03186,2025-05-01,train
C03187,2025-05-01,train
C03188,2025-05-01,train
C03189,2025-05-01,train
C03190,2025-05-01,train
C03191,2025-05-01,train
C03192,2025-05-01,train
C03193,2025-05-01,train
C03194,2025-05-01,train
C03195,2025-05-01,train
C03196,2025-05-01,train
C03197,2025-05-01,train
C03198,2025-05-01,train
C03199,2025-05-01,train
C03200,2025-05-01,train
C03201,2025-05-01,train
C03202,2025-05-01,train
C03203,2025-05-01,train
C03204,2025-05-01,train
C03205,2025-05-01,train
C03206,2025-05-01,train
C03207,2025-05-01,train
C03208,2025-05-01,train
C03209,2025-05-01,train
C03210,2025-05-01,train
C03211,2025-05-01,train
C03212,2025-05-01,train
C03213,2025-05-01,train
C03214,2025-05-01,train
C03215,2025-05-01,train
C03216,2025-05-01,train
C03217,2025-05-01,train
C03218,2025-05-01,train
C03219,2025-05-01,train
C03220,2025-05-01,train
C03221,2025-05-01,train
C03222,2025-05-01,train
C03223,2025-05-01,train
C03224,2025-05-01,train
C03225,2025-05-01,train
C03226,2025-05-01,train
C03227,2025-05-01,train
C03228,2025-05-01,train
C03229,2025-05-01,train
C03230,2025-05-01,train
C03231,2025-05-01,train
C03232,2025-05-01,train
C03233,2025-05-01,train
C03234,2025-05-01,train
C03235,2025-05-01,train
C03236,2025-05-01,train
C03237,2025-05-01,train
C03238,2025-05-01,train
C03239,2025-05-01,train
C03240,2025-05-01,train
C03241,2025-05-01,train
C03242,2025-05-01,train
C03243,2025-05-01,train
C03244,2025-05-01,train
C03245,2025-05-01,train
C03246,2025-05-01,train
C03247,2025-05-01,train
C03248,2025-05-01,train
C03249,2025-05-01,train
C03250,2025-05-01,train
C03251,2025-05-01,train
C03252,2025-05-01,train
C03253,2025-05-01,train
C03254,2025-05-01,train
C03255,2025-05-01,train
C03256,2025-05-01,train
C03257,2025-05-01,train
C03258,2025-05-01,train
C03259,2025-05-01,train
C03260,2025-05-01,train
C03261,2025-05-01,train
C03262,2025-05-01,train
C03263,2025-05-01,train
C03264,2025-05-01,train
C03265,2025-05-01,train
C03266,2025-05-01,train
C03267,2025-05-01,train
C03268,2025-05-01,train
C03269,2025-05-01,train
C03270,2025-05-01,train
C03271,2025-05-01,train
C03272,2025-05-01,train
C03273,2025-05-01,train
C03274,2025-05-01,train
C03275,2025-05-01,train
C03276,2025-05-01,train
C03277,2025-05-01,train
C03278,2025-05-01,train
C03279,2025-05-01,train
C03280,2025-05-01,train
C03281,2025-05-01,train
C03282,2025-05-01,train
C03283,2025-05-01,train
C03284,2025-05-01,train
C03285,2025-05-01,train
C03286,2025-05-01,train
C03287,2025-05-01,train
C03288,2025-05-01,train
C03289,2025-05-01,train
C03290,2025-05-01,train
C03291,2025-05-01,train
C03292,2025-05-01,train
C03293,2025-05-01,train
C03294,2025-05-01,train
C03295,2025-05-01,train
C03296,2025-05-01,train
C03297,2025-05-01,train
C03298,2025-05-01,train
C03299,2025-05-01,train
